case_name,tumor_dice,tumor_nsd
BDMAP_A0000003.nii.gz,0.137546468,0.14390494160028738
BDMAP_A0000009.nii.gz,0.9620489196007459,0.9848638873219587
BDMAP_A0000014.nii.gz,0.39619408795547784,0.2183724305865661
BDMAP_A0000015.nii.gz,0.807426803,0.830212123
BDMAP_A0000016.nii.gz,0.9683068809393502,0.9864188145156385
BDMAP_A0000017.nii.gz,0.677262187,0.6054003711732975
BDMAP_A0000018.nii.gz,0.938420981,0.9602441814127258
BDMAP_A0000020.nii.gz,0.9631728045325779,1
BDMAP_A0000025.nii.gz,0.9504,0.9910498774874908
BDMAP_A0000028.nii.gz,0.9539422326307572,0.9935992832442029
BDMAP_A0000029.nii.gz,0.9393551772770508,0.9559757477601897
BDMAP_A0000032.nii.gz,0.9037609576774437,0.9072794068164921
BDMAP_A0000039.nii.gz,0.9340538028005345,0.9954922405893606
BDMAP_A0000041.nii.gz,0.9589667698103054,0.9926817365665231
BDMAP_A0000055.nii.gz,0.197318797,0.28944051750958877
BDMAP_A0000056.nii.gz,0.978442354,1
BDMAP_A0000057.nii.gz,0.9733382030679328,0.9562217566327922
BDMAP_A0000059.nii.gz,0.9434087057170022,0.9522957416120985
BDMAP_A0000062.nii.gz,0.9655774621995497,1
BDMAP_A0000063.nii.gz,0.917536507,0.8925346696178028
BDMAP_A0000066.nii.gz,0.6756805480439877,0.451955032
BDMAP_A0000073.nii.gz,0.8581776591688905,0.9595102081911769
BDMAP_A0000074.nii.gz,0.8534400436542222,0.8475165239479195
BDMAP_A0000075.nii.gz,0.8360323886639676,0.8834214389099343
BDMAP_A0000076.nii.gz,0.7114588360809815,0.5264047381185498
BDMAP_A0000078.nii.gz,0.9132938187976292,0.8973591905819405
BDMAP_A0000087.nii.gz,0.9114236876248533,0.9546509269319955
BDMAP_A0000092.nii.gz,0.9059906993708398,0.9434035996945421
BDMAP_A0000093.nii.gz,0.9462414578587699,0.9922335601520302
BDMAP_A0000099.nii.gz,0.7592295345104334,0.8201622673393019
BDMAP_A0000100.nii.gz,0.069425901,0.1507972172552582
BDMAP_A0000103.nii.gz,0.3185840707964602,0.7302636176302991
BDMAP_A0000104.nii.gz,0.6388340100599964,0.3584910815225456
BDMAP_A0000105.nii.gz,0.7621483375959079,0.9347697638075532
BDMAP_A0000106.nii.gz,0.8690307328605201,0.9460310459018971
BDMAP_A0000111.nii.gz,0.16300940438871472,0.48201357877402046
BDMAP_A0000121.nii.gz,0.7622641509433963,0.8704211961285148
BDMAP_A0000124.nii.gz,0.7664621676891615,0.89379918
BDMAP_A0000131.nii.gz,0.8183673469387756,0.941546912
BDMAP_A0000140.nii.gz,0.7462632154575283,0.718380811
BDMAP_A0000141.nii.gz,0.8936073059360731,0.9774756558774208
BDMAP_A0000142.nii.gz,0.9014161220043573,0.9865546864181285
BDMAP_A0000144.nii.gz,0.7782139352306182,0.8305085863972856
BDMAP_A0000145.nii.gz,0.8547418967587035,0.948408025
BDMAP_A0000146.nii.gz,0.9511321062062225,0.9903334507944663
BDMAP_A0000150.nii.gz,0.950609225,0.967410223
BDMAP_A0000151.nii.gz,0.8398058252427184,0.9566637299276711
BDMAP_A0000156.nii.gz,0.8668252080856124,0.9723279627663809
BDMAP_A0000159.nii.gz,0.9231662473388813,0.9774448668022441
BDMAP_A0000161.nii.gz,0,0.03231379
BDMAP_A0000165.nii.gz,0.8885032537960954,0.9112801589916799
BDMAP_A0000166.nii.gz,0.18342886920270973,0.28364971775216485
BDMAP_A0000172.nii.gz,0.9123738714816781,0.9912394488618597
BDMAP_A0000177.nii.gz,0.6782246879334258,0.6586301815439735
BDMAP_A0000179.nii.gz,0.9259136683844735,0.9089695536796377
BDMAP_A0000181.nii.gz,0.003284072,0.022698996318099303
BDMAP_A0000182.nii.gz,0.9691078463860967,0.9641565598660737
BDMAP_A0000183.nii.gz,0.18181818181818182,0.46617273684146976
BDMAP_A0000187.nii.gz,0.5788849347568209,0.8040234867679545
BDMAP_A0000190.nii.gz,0.8719767816833279,0.9661095310003166
BDMAP_A0000194.nii.gz,0.5551425030978935,0.8322269815334539
BDMAP_A0000200.nii.gz,0.7724137931034483,0.9177034272725603
BDMAP_A0000204.nii.gz,0.8458466453674122,0.9457034379361114
BDMAP_A0000205.nii.gz,0.6517457475380484,0.7860159413312503
BDMAP_A0000207.nii.gz,0.9728526162541749,0.9961250807579118
BDMAP_A0000217.nii.gz,0.9565142165061422,0.9347490698949852
BDMAP_A0000220.nii.gz,0.8453410182516811,0.9765968757587241
BDMAP_A0000221.nii.gz,0.9117234936945353,0.9888378033753689
BDMAP_A0000222.nii.gz,0.7724631202503353,0.8113550206882106
BDMAP_A0000224.nii.gz,0.2981366459627329,0.659697113
BDMAP_A0000225.nii.gz,0.033783783783783786,0.13052374323535218
BDMAP_A0000226.nii.gz,0,0
BDMAP_A0000228.nii.gz,0.095971564,0.20379090883145756
BDMAP_A0000229.nii.gz,0.9426248195151608,0.9910592936484799
BDMAP_A0000230.nii.gz,0.9795799976795452,1
BDMAP_A0000231.nii.gz,0.7232786885245902,0.7841714508700075
BDMAP_A0000232.nii.gz,0.6348203711014607,0.7776981377909057
BDMAP_A0000233.nii.gz,0.9345023207839093,0.9711671642018181
BDMAP_A0000234.nii.gz,0.8253692441355344,0.9787733340828773
BDMAP_A0000235.nii.gz,0.9450839781090772,0.9967059532510564
BDMAP_A0000236.nii.gz,0.5567765567765568,0.8964639533703087
BDMAP_A0000237.nii.gz,0.9480793583790629,0.9991295079176371
BDMAP_A0000239.nii.gz,0.696058091,0.7449752731885364
BDMAP_A0000240.nii.gz,0.6776789495976281,0.7559381526964069
BDMAP_A0000241.nii.gz,0.8187168922895821,0.8744274634835002
BDMAP_A0000242.nii.gz,0.8644672796106003,0.952219129
BDMAP_A0000243.nii.gz,0.9431906614785992,0.9902192276556671
BDMAP_A0000244.nii.gz,0.780271155,0.9062433335554023
BDMAP_A0000245.nii.gz,0.875,1
BDMAP_A0000246.nii.gz,0.48148148148148145,0.870118196
BDMAP_A0000247.nii.gz,0.815555333,0.8929958094723793
BDMAP_A0000248.nii.gz,0.2636363636363636,0.5397218099628757
BDMAP_A0000249.nii.gz,0.5817204301075268,0.785842737
BDMAP_A0000251.nii.gz,0.7677349657904213,0.8716681594320604
BDMAP_A0000252.nii.gz,0.8210023866348448,0.9629948953327883
BDMAP_A0000253.nii.gz,0.8653383716935761,0.8966358711250182
BDMAP_A0000254.nii.gz,0.8482922954725973,0.984010049
BDMAP_A0000255.nii.gz,0.8833964520629859,0.9745963600579463
BDMAP_A0000257.nii.gz,0.7678376858112759,0.5310224168208653
BDMAP_A0000258.nii.gz,0.8966065747613998,0.9614728121412238
BDMAP_A0000259.nii.gz,0.37485970819304154,0.4980767542326139
BDMAP_A0000260.nii.gz,0.752057786,0.6879578382943614
BDMAP_A0000261.nii.gz,0.9259723964868256,0.9850858014737325
BDMAP_A0000263.nii.gz,0.4500978473581213,0.8114333552022538
BDMAP_A0000264.nii.gz,0.8725125738027553,0.9373975851203871
BDMAP_A0000265.nii.gz,0.020315917,0.023573364510730634
BDMAP_A0000266.nii.gz,0.8993055555555556,0.9928418816444834
BDMAP_A0000267.nii.gz,0.9253294289897511,0.9784482015585348
BDMAP_A0000268.nii.gz,0.5579280347963622,0.41669980957014113
BDMAP_A0000269.nii.gz,0.784746613,0.7293335320716895
BDMAP_A0000270.nii.gz,0.8513270637408569,0.8338261143903293
BDMAP_A0000272.nii.gz,0.9303132530120481,0.9941729366604731
BDMAP_A0000273.nii.gz,0.8377125193199382,0.8741144475024826
BDMAP_A0000274.nii.gz,0.9591419816138917,0.9992030420589458
BDMAP_A0000275.nii.gz,0.9681176743221652,0.9357104241485017
BDMAP_A0000277.nii.gz,0.9429152542372882,0.9754247585053661
BDMAP_A0000278.nii.gz,0.8711462450592885,0.9811354033686507
BDMAP_A0000280.nii.gz,0.8270257719990712,0.9363978041586004
BDMAP_A0000282.nii.gz,0.6363636363636364,0.8363482102421202
BDMAP_A0000283.nii.gz,0.830083565,0.88002783
BDMAP_A0000284.nii.gz,0.6684901531728665,0.7072158863863184
BDMAP_A0000285.nii.gz,0.8041237113402062,1
BDMAP_A0000287.nii.gz,0.6296296296296297,0.9788848490522186
BDMAP_A0000288.nii.gz,0.919270113,0.9749494300124786
BDMAP_A0000289.nii.gz,0.854468085,0.8724046738797073
BDMAP_A0000290.nii.gz,0.8495361032674466,0.9136992239442084
BDMAP_A0000291.nii.gz,0.9223020040724467,0.911942295
BDMAP_A0000292.nii.gz,0.9091130307823336,0.9667113205794124
BDMAP_A0000293.nii.gz,0.8793774319066148,0.9762520755455671
BDMAP_A0000294.nii.gz,0.9465410558002119,0.9974343529661176
BDMAP_A0000295.nii.gz,0.8109289617486338,0.906298618
BDMAP_A0000296.nii.gz,0.8974010685502128,0.8630473349299168
BDMAP_A0000297.nii.gz,0.9053245358293693,0.9948422506581612
BDMAP_A0000298.nii.gz,0.8492168627756566,0.9255154314368333
BDMAP_A0000300.nii.gz,0.9643440348791121,0.935491917
BDMAP_A0000301.nii.gz,0.9285352902747283,0.8060757876037044
BDMAP_A0000302.nii.gz,0.8888888888888888,0.8862349788966335
BDMAP_A0000303.nii.gz,0.91054146,0.9693460584023763
BDMAP_A0000304.nii.gz,0.9619575650998672,0.9142320217156626
BDMAP_A0000305.nii.gz,0.31013108423940655,0.26770201640221264
BDMAP_A0000307.nii.gz,0.9643759344228489,0.9855772233163765
BDMAP_A0000308.nii.gz,0.6915809363846316,0.6245970305399344
BDMAP_A0000309.nii.gz,0.7961335676625659,0.9824029951969384
BDMAP_A0000310.nii.gz,0.9706010452961672,1
BDMAP_A0000311.nii.gz,0.36939313984168864,0.5075355701451592
BDMAP_A0000312.nii.gz,0.9494692144373673,1
BDMAP_A0000313.nii.gz,0.8384991843393148,0.9467460286771276
BDMAP_A0000314.nii.gz,0.9010787341658834,0.8132736973817735
BDMAP_A0000315.nii.gz,0.9067698259187621,0.9826025871886788
BDMAP_A0000318.nii.gz,0.9212392448548646,0.900347711
BDMAP_A0000322.nii.gz,0.8727038186957374,0.7648979560137265
BDMAP_A0000327.nii.gz,0.9311673833412963,0.9608373248396481
BDMAP_A0000333.nii.gz,0.9466298589589919,0.7983788612589274
BDMAP_A0000334.nii.gz,0.2334227673438099,0.29300931405987984
BDMAP_A0000335.nii.gz,0.8430950048971596,0.8741698057205962
BDMAP_A0000338.nii.gz,0.8826155642557868,0.8435960603035885
BDMAP_A0000339.nii.gz,0.9754485901452578,0.9961583210846271
BDMAP_A0000342.nii.gz,0.921405751,1
BDMAP_A0000347.nii.gz,0.9427267135040632,0.978823514
BDMAP_A0000348.nii.gz,0.8658224184094363,0.7681981288988832
BDMAP_A0000355.nii.gz,0.8985629754860525,0.9876080513890663
BDMAP_A0000358.nii.gz,0.4116548375046694,0.358706399
BDMAP_A0000359.nii.gz,0,0
BDMAP_A0000363.nii.gz,0.8672370963290091,0.9479836660471923
BDMAP_A0000364.nii.gz,0.5034642032332564,0.8066639565891622
BDMAP_A0000372.nii.gz,0.8662857142857143,0.9827979462105383
BDMAP_A0000373.nii.gz,0.7131011608623549,0.7587072781677291
BDMAP_A0000376.nii.gz,0.6428943258719417,0.6851645220170088
BDMAP_A0000381.nii.gz,0.871012483,1
BDMAP_A0000383.nii.gz,0.8179640718562874,0.9620107391879316
BDMAP_A0000385.nii.gz,0.922341152,0.9882930573674127
BDMAP_A0000388.nii.gz,0.8290960451977402,0.9198834121943349
BDMAP_A0000395.nii.gz,0.6105610561056105,0.634223735
BDMAP_A0000397.nii.gz,0.7107887579329103,0.9265847069056562
BDMAP_A0000400.nii.gz,0.8684062131542524,0.8303106558534098
BDMAP_A0000403.nii.gz,0.9235152312075389,0.966068763
BDMAP_A0000404.nii.gz,0.7798982188295165,0.9178503363176099
BDMAP_A0000405.nii.gz,0.9057326059910039,0.9171820430712081
BDMAP_A0000407.nii.gz,0,0
BDMAP_A0000408.nii.gz,0.8468085106382979,1
BDMAP_A0000409.nii.gz,0.9274447949526814,0.9908220628670922
BDMAP_A0000410.nii.gz,0.9295289161240904,0.9917852425307296
BDMAP_A0000411.nii.gz,0.5379310344827586,0.6201575731023453
BDMAP_A0000412.nii.gz,0.9264069264069265,1
BDMAP_A0000413.nii.gz,0.6488294314381271,0.8494739633670326
BDMAP_A0000415.nii.gz,0.9090909090909091,0.9736307959168764
BDMAP_A0000416.nii.gz,0.9219178082191781,0.9807129354768077
BDMAP_A0000417.nii.gz,0,0
BDMAP_A0000418.nii.gz,0.9286482610254572,0.9840535194690012
BDMAP_A0000419.nii.gz,0.33304119193689746,0.6777171533485641
BDMAP_A0000420.nii.gz,0.937991816,0.9644520275207639
BDMAP_A0000421.nii.gz,0.7875,0.8752979790321426
BDMAP_A0000422.nii.gz,0.8429826945728006,0.8535312418951058
BDMAP_A0000423.nii.gz,0.7003293084522503,0.8348169058508623
BDMAP_A0000424.nii.gz,0,0
BDMAP_A0000425.nii.gz,0.35398230088495575,0.614190115
BDMAP_A0000427.nii.gz,0.802547771,1
BDMAP_A0000428.nii.gz,0.8552631578947368,0.9339939846344516
BDMAP_A0000429.nii.gz,0.9422809457579973,0.9684884102006449
BDMAP_A0000430.nii.gz,0.9408361819616092,1
BDMAP_A0000431.nii.gz,0.6782255545142143,0.7452598946505885
BDMAP_A0000432.nii.gz,0.8113483474700205,0.8561476272629862
BDMAP_A0000433.nii.gz,0.9207167115587306,0.878496521
BDMAP_A0000434.nii.gz,0.928392589,1
BDMAP_A0000435.nii.gz,0.7688243064729194,0.8504080551767724
BDMAP_A0000436.nii.gz,0.8857030119689596,0.8945110812669163
BDMAP_A0000438.nii.gz,0.893718917,0.9742548680156411
BDMAP_A0000439.nii.gz,0,0.051916121
BDMAP_A0000440.nii.gz,0.7061898006421264,0.7387777485586459
BDMAP_A0000441.nii.gz,0.8179077479650286,0.834713522
BDMAP_A0000443.nii.gz,0.024527509449811004,0.10268403490950297
BDMAP_A0000444.nii.gz,0.8066298342541437,0.8563638456310403
BDMAP_A0000447.nii.gz,0.9044789296750314,0.8659420771506481
BDMAP_A0000449.nii.gz,0.4879807692307692,0.39392573207309023
BDMAP_A0000450.nii.gz,0.8500385505011565,0.9792421118620899
BDMAP_A0000451.nii.gz,0.7573591253153911,0.7373936042682424
BDMAP_A0000454.nii.gz,0,0
BDMAP_A0000455.nii.gz,0.938329003,0.9912921022551467
BDMAP_A0000456.nii.gz,0.94059898,0.8296335668386332
BDMAP_A0000457.nii.gz,0.14235210935658732,0.357192536
BDMAP_A0000458.nii.gz,0.9322246930291018,0.9896375891413218
BDMAP_A0000459.nii.gz,0.9596456546619302,0.9871882648020762
BDMAP_A0000460.nii.gz,0.6141748794296498,0.5710759996938618
BDMAP_A0000461.nii.gz,0.8916590284142988,0.9066656904548687
BDMAP_A0000462.nii.gz,0.7784391534391535,0.7865670059835579
BDMAP_A0000463.nii.gz,0.9039080459770115,0.9776716204658041
BDMAP_A0000465.nii.gz,0.7529297315638531,0.44851172233946823
BDMAP_A0000466.nii.gz,0.7653751417288971,0.7968120217525968
BDMAP_A0000467.nii.gz,0.8989338071968014,0.9516762541236654
BDMAP_A0000470.nii.gz,0.8818303517098698,0.8231994560628211
BDMAP_A0000471.nii.gz,0.9364252317933275,0.8857443711901368
BDMAP_A0000472.nii.gz,0.9026469364457863,0.8732063684212037
BDMAP_A0000473.nii.gz,0.9457791356999091,0.8889089513551869
BDMAP_A0000474.nii.gz,0.9387192689825223,0.9862946017853853
BDMAP_A0000475.nii.gz,0.956270183,0.9699121890834093
BDMAP_A0000476.nii.gz,0.5374221435110837,0.2915738876964462
BDMAP_A0000477.nii.gz,0.9080145139728818,0.9374352447550907
BDMAP_A0000478.nii.gz,0.9696912437171686,0.9940633090071914
BDMAP_A0000479.nii.gz,0.9726656461841242,1
BDMAP_A0000480.nii.gz,0.9307559909969548,0.9956795568454174
BDMAP_A0000481.nii.gz,0.8735816849081233,0.8342558675951579
BDMAP_A0000482.nii.gz,0.6217018749469755,0.6385899485582484
BDMAP_A0000483.nii.gz,0.7575808910723361,0.6959825385402755
BDMAP_A0000484.nii.gz,0.5636124191874851,0.5187577080475193
BDMAP_A0000485.nii.gz,0.8874678312407392,0.8948151920689327
BDMAP_A0000486.nii.gz,0.8835609708165472,0.9127144581610308
BDMAP_A0000487.nii.gz,0.8912908964343723,0.833982972
BDMAP_A0000489.nii.gz,0.707763564,0.640947955
BDMAP_A0000490.nii.gz,0.8250361684306708,0.731991228
BDMAP_A0000491.nii.gz,0.8123801698164886,0.790807938
BDMAP_A0000492.nii.gz,0.7207299832926359,0.6679225807218642
BDMAP_A0000493.nii.gz,0.797310783,0.7924186788666109
BDMAP_A0000494.nii.gz,0.7084468664850136,0.6579273273725301
BDMAP_A0000495.nii.gz,0.8642932675361297,0.9494839779707125
BDMAP_A0000496.nii.gz,0.7158153414077585,0.7355172820492301
BDMAP_A0000497.nii.gz,0.8929730304803447,0.8347319026651789
BDMAP_A0000498.nii.gz,0.8191774154295449,0.8641206122173097
BDMAP_A0000499.nii.gz,0.8218628375274978,0.7995687113158139
BDMAP_A0000501.nii.gz,0.809080474,0.864711092
BDMAP_A0000502.nii.gz,0.9044137302073997,0.8648066413614918
BDMAP_A0000503.nii.gz,0.8726884304693238,0.9085170761919565
BDMAP_A0000504.nii.gz,0.9611741269260479,0.9913578898229954
BDMAP_A0000505.nii.gz,0.9533258065291023,0.9151004296934507
BDMAP_A0000506.nii.gz,0.8500096518885528,0.7750741266820981
BDMAP_A0000507.nii.gz,0.8194687450294258,0.7913328816184967
BDMAP_A0000508.nii.gz,0.9228498074454429,0.9759876717249336
BDMAP_A0000509.nii.gz,0.943129119,0.9860976431543403
BDMAP_A0000510.nii.gz,0.8113090490117877,0.8113738951824433
BDMAP_A0000511.nii.gz,0.69848774,0.4918327047759194
BDMAP_A0000512.nii.gz,0.9339728217426059,1
BDMAP_A0000513.nii.gz,0.7883730106536894,0.794548012
BDMAP_A0000514.nii.gz,0.9468325791855203,0.9622200438322669
BDMAP_A0000515.nii.gz,0.8380974291137057,0.7553798800732608
BDMAP_A0000516.nii.gz,0.9373996420205695,0.9032898343117101
BDMAP_A0000517.nii.gz,0.8478015783540023,0.9522739185065884
BDMAP_A0000518.nii.gz,0.9696896800577339,0.9974355467332273
BDMAP_A0000519.nii.gz,0.9244104011288047,0.9711712308090987
BDMAP_A0000520.nii.gz,0.885179565,0.977214188
BDMAP_A0000521.nii.gz,0.9579330742343135,0.9744307177139775
BDMAP_A0000522.nii.gz,0.9254221388367729,0.9750162635386089
BDMAP_A0000523.nii.gz,0.858577559,0.8548996731416617
BDMAP_A0000524.nii.gz,0.8491730323675819,0.7988143331294999
BDMAP_A0000525.nii.gz,0.9122304122304122,0.9040180433023021
BDMAP_A0000526.nii.gz,0.7602555430289365,0.6499974719194062
BDMAP_A0000527.nii.gz,0.9197969543147209,0.8756942535877532
BDMAP_A0000528.nii.gz,0.9320012890750886,0.9320478194960999
BDMAP_A0000529.nii.gz,0.9424265732273595,0.9578505068920137
BDMAP_A0000530.nii.gz,0.9473967261604652,0.9894358923982121
BDMAP_A0000531.nii.gz,0.9618553008595988,0.9882950711722377
BDMAP_A0000532.nii.gz,0.916129512,0.9263550669605024
BDMAP_A0000533.nii.gz,0.7577767759386874,0.6902049774786151
BDMAP_A0000534.nii.gz,0.8932323479110676,0.9957575589831283
BDMAP_A0000535.nii.gz,0.7938517179023508,0.8964829847314275
BDMAP_A0000536.nii.gz,0.9464731148777727,0.8775390328309727
BDMAP_A0000537.nii.gz,0.7562561576354679,0.7366133935946518
BDMAP_A0000538.nii.gz,0.8424507658643327,0.8969657967748024
BDMAP_A0000539.nii.gz,0.9432483560039636,0.860056188
BDMAP_A0000540.nii.gz,0.907563025,0.9749280924391273
BDMAP_A0000541.nii.gz,0.9151605071486377,0.8184501016445648
BDMAP_A0000542.nii.gz,0.7882822902796272,0.8568650626151477
BDMAP_A0000543.nii.gz,0.8855481041223023,0.8283269545582653
BDMAP_A0000544.nii.gz,0.29322387844746883,0.339978341
BDMAP_A0000545.nii.gz,0.9003695602986651,0.913729644
BDMAP_A0000546.nii.gz,0.8939926685120072,0.9075382646708365
BDMAP_A0000547.nii.gz,0.5100463678516228,0.6690615172297174
BDMAP_A0000548.nii.gz,0.8106966924700915,0.7771358127054148
BDMAP_A0000549.nii.gz,0.8726154547007574,0.8323866576738354
BDMAP_A0000550.nii.gz,0.5636266285918258,0.5499004459920471
BDMAP_A0000551.nii.gz,0.6822974817020221,0.644299812
BDMAP_A0000552.nii.gz,0.8683267802533857,0.7605509382252067
BDMAP_A0000553.nii.gz,0.8427680956621295,0.882137598
BDMAP_A0000554.nii.gz,0.8989628638340582,0.9435181672737037
BDMAP_A0000555.nii.gz,0.2992957746478873,0.374551744
BDMAP_A0000556.nii.gz,0.9573217036603094,0.9645823668414835
BDMAP_A0000557.nii.gz,0.8582020389249305,0.910623343
BDMAP_A0000558.nii.gz,0.7803297573619411,0.8161247631580468
BDMAP_A0000559.nii.gz,0.95626965,0.9956406536416219
BDMAP_A0000560.nii.gz,0.8796747967479674,0.9133927636744448
BDMAP_A0000562.nii.gz,0.8120688222092927,0.6791442961245953
BDMAP_A0000563.nii.gz,0.9351086509331638,0.9476520829261567
BDMAP_A0000564.nii.gz,0.5514274540477122,0.4520861634470797
BDMAP_A0000565.nii.gz,0.36060783167738164,0.40253588857935246
BDMAP_A0000566.nii.gz,0.8429475521932058,0.796902009
BDMAP_A0000567.nii.gz,0.9280700535131002,0.9668085497677276
BDMAP_A0000568.nii.gz,0.8149816952970994,0.8583055793946714
BDMAP_A0000569.nii.gz,0.8646748681898067,0.8826417138597552
BDMAP_A0000571.nii.gz,0.9700047171120175,0.9942343163290833
BDMAP_A0000573.nii.gz,0.8932323479110676,0.9957575589831283
BDMAP_A0000574.nii.gz,0.9010513845698208,0.8765722649986278
BDMAP_A0000575.nii.gz,0.9410944953636705,0.9653234800821354
BDMAP_A0001002.nii.gz,0.34332425068119893,0.5731744750196115
BDMAP_A0001005.nii.gz,0.84,0.9480186602861274
BDMAP_A0001014.nii.gz,0.47305389221556887,0.6812706684656444
BDMAP_A0001015.nii.gz,0,0
BDMAP_A0001033.nii.gz,0,0
BDMAP_A0001036.nii.gz,0,0
BDMAP_A0001037.nii.gz,0,0.49999999999999994
BDMAP_A0001041.nii.gz,0,0
BDMAP_A0001049.nii.gz,0,0
BDMAP_A0001053.nii.gz,0,0
BDMAP_A0001081.nii.gz,0,0
BDMAP_A0001082.nii.gz,0,0
BDMAP_A0001101.nii.gz,0,0
BDMAP_A0001102.nii.gz,0.2857142857142857,0.7371425102926228
BDMAP_A0001116.nii.gz,0,0
BDMAP_A0001121.nii.gz,0,0
BDMAP_A0001124.nii.gz,0,0
BDMAP_A0001125.nii.gz,0,0
BDMAP_A0001128.nii.gz,0,0
BDMAP_A0001132.nii.gz,0,0
BDMAP_A0001141.nii.gz,0.3643835616438356,0.5278902789688723
BDMAP_A0001147.nii.gz,0.002123142,0.016313288039634676
BDMAP_A0001173.nii.gz,0.8203991130820399,0.9986902672476908
BDMAP_A0001182.nii.gz,0,0
BDMAP_A0001187.nii.gz,0,0
BDMAP_A0001194.nii.gz,0,0
BDMAP_A0001200.nii.gz,0.5384615384615384,0.7137041612322506
BDMAP_A0001202.nii.gz,0,0
BDMAP_A0001203.nii.gz,0,0
BDMAP_A0001204.nii.gz,0,0
BDMAP_A0001222.nii.gz,0,0
BDMAP_A0001226.nii.gz,0,0
BDMAP_A0001228.nii.gz,0,0
BDMAP_A0001232.nii.gz,0,0
BDMAP_A0001238.nii.gz,0.5512820512820513,0.9839972077862335
BDMAP_A0001251.nii.gz,0,0
BDMAP_A0001266.nii.gz,0,0
BDMAP_A0001273.nii.gz,0,0
BDMAP_A0001291.nii.gz,0.35738831615120276,0.5851895535552352
BDMAP_A0001298.nii.gz,0,0
BDMAP_A0001316.nii.gz,0,0
BDMAP_A0001321.nii.gz,0,0.13202100308431136
BDMAP_A0001325.nii.gz,0,0
BDMAP_A0001373.nii.gz,0,0
BDMAP_A0001374.nii.gz,0.5496688741721855,0.7351357608491734
BDMAP_A0001376.nii.gz,0,0
BDMAP_A0001399.nii.gz,0,0.13847994161896088
BDMAP_A0001408.nii.gz,0,0
BDMAP_A0001429.nii.gz,0.3125,0.36060221478695187
BDMAP_A0001432.nii.gz,0.9650233826968043,0.9971319774536085
BDMAP_A0001433.nii.gz,0.7865396310561524,0.650335667
BDMAP_A0001436.nii.gz,0.8240258355421504,0.6021253505262025
BDMAP_A0001443.nii.gz,0.7396081303790515,0.7589744979321353
BDMAP_A0001445.nii.gz,0.9519254971054618,0.9861003088315115
BDMAP_A0001458.nii.gz,0.9614575208606202,0.9694194881215791
BDMAP_A0001464.nii.gz,0.892032,0.843496836
BDMAP_A0001470.nii.gz,0.6375480937390696,0.6083482359435646
BDMAP_A0001471.nii.gz,0.9344602136820284,0.9527001128846739
BDMAP_A0001472.nii.gz,0.880794229,0.8065143137697932
BDMAP_A0001477.nii.gz,0.7660978240182706,0.724088384
BDMAP_A0001478.nii.gz,0.8125406507637949,0.6040250231328789
BDMAP_A0001485.nii.gz,0.8183105715730905,0.7610689731476801
BDMAP_A0001489.nii.gz,0.9325001742789604,0.834753966
BDMAP_A0001496.nii.gz,0.8984866123399301,0.9407104726966001
BDMAP_A0001498.nii.gz,0.8820636135096732,0.9310791466171005
BDMAP_A0001502.nii.gz,0.9115693012600229,0.968309132
BDMAP_A0001504.nii.gz,0.6313809883867465,0.4946077202997229
BDMAP_A0001506.nii.gz,0.9288110324263884,0.9557391037939538
BDMAP_A0001507.nii.gz,0.9468325791855203,0.9622200438322669
BDMAP_A0001509.nii.gz,0.892032,0.843496836
BDMAP_A0001520.nii.gz,0.9374091445185002,0.9283954025798306
BDMAP_A0001524.nii.gz,0.9633682930536556,0.9877569546682354
BDMAP_A0001533.nii.gz,0.9299950286979708,0.899381048
BDMAP_A0001536.nii.gz,0.7337516808606006,0.7675668572328694
BDMAP_A0001548.nii.gz,0.9089250010064277,0.857922282
BDMAP_A0001551.nii.gz,0.9540708834683271,0.9708963428209467
BDMAP_A0001556.nii.gz,0.9065440547476475,0.915326109
BDMAP_A0001562.nii.gz,0.7830828567628674,0.6837409126815697
BDMAP_A0001591.nii.gz,0.8923062540899318,0.842328712
BDMAP_A0001594.nii.gz,0.9135516478888069,0.9367367154927316
BDMAP_A0001595.nii.gz,0.7649013093609537,0.7977280095747842
BDMAP_A0001596.nii.gz,0.9184016289132094,0.9050948620060435
BDMAP_A0001609.nii.gz,0.5553841266960112,0.5760175222265423
BDMAP_A0001610.nii.gz,0.859003814,0.6991445359541498
BDMAP_A0001612.nii.gz,0.9116651277316097,0.8933048713820585
BDMAP_A0001614.nii.gz,0.826038605,0.763793022
BDMAP_A0001619.nii.gz,0,0
BDMAP_A0001622.nii.gz,0.9533745947539051,0.9732145850466352
BDMAP_A0001629.nii.gz,0.8254621531707652,0.6678597185614689
BDMAP_A0001631.nii.gz,0.8971496694483581,0.8411756121776776
BDMAP_A0001639.nii.gz,0.8479832128701329,0.7388052786747459
BDMAP_A0001649.nii.gz,0.930318621,0.9248547434349201
BDMAP_A0001651.nii.gz,0.9396355353075171,0.9578431767964403
BDMAP_A0001673.nii.gz,0.9206986075053104,0.9791198133348894
BDMAP_A0001692.nii.gz,0.9120467190151127,0.899892875
BDMAP_A0001696.nii.gz,0.934412955,0.9532407770022117
BDMAP_A0001697.nii.gz,0.8323752036025678,0.7242849819526133
BDMAP_A0001703.nii.gz,0.9271934726724042,0.8889211368062384
BDMAP_A0001707.nii.gz,0.8382769101771302,0.9031561396967848
BDMAP_A0001709.nii.gz,0.8607536764705882,0.7741155383843475
BDMAP_A0001712.nii.gz,0.8885876130902843,0.7431793984528318
BDMAP_A0001719.nii.gz,0.9330589849108367,0.963745064
BDMAP_A0001721.nii.gz,0.8447414702778755,0.8507219817980942
BDMAP_A0001723.nii.gz,0.9029764205643602,0.9739459567713455
BDMAP_A0001724.nii.gz,0.8918256607736741,0.9004011921180157
BDMAP_A0001728.nii.gz,0.8323752036025678,0.7243110470696608
BDMAP_A0001733.nii.gz,0.7007299270072993,0.7905453977951108
BDMAP_A0001739.nii.gz,0.5349761526232114,0.36454251088636913
BDMAP_A0001740.nii.gz,0.7769456925722528,0.7293023677758369
BDMAP_A0001748.nii.gz,0.9344742486795673,0.896083992
BDMAP_A0001749.nii.gz,0.9314197051978278,0.9835593275096791
BDMAP_A0001750.nii.gz,0.8395240392346036,0.787683677
BDMAP_A0001756.nii.gz,0.8430305567182922,0.812279276
BDMAP_A0001763.nii.gz,0.8784240969114918,0.8296860220658093
BDMAP_A0001767.nii.gz,0.7336483461825417,0.7478543584817157
BDMAP_A0001775.nii.gz,0.9141749723145072,0.9766361860927792
BDMAP_A0001779.nii.gz,0.8418888758369553,0.7357665418404221
BDMAP_A0001783.nii.gz,0.9407828026769418,0.9898903210811576
BDMAP_A0001788.nii.gz,0.5068250310228682,0.43798127418765753
BDMAP_A0001791.nii.gz,0.8152860194635652,0.7499539074157165
BDMAP_A0001793.nii.gz,0.9237533263912994,0.9407548022277039
BDMAP_A0001800.nii.gz,0.6661695926252288,0.5990737375857588
BDMAP_A0001801.nii.gz,0.6962864721485411,0.7334759682785461
BDMAP_A0001817.nii.gz,0.5447750865051904,0.569795622
BDMAP_A0001837.nii.gz,0.8685059991473293,0.752281648
BDMAP_A0001839.nii.gz,0.9050505050505051,0.837975552
BDMAP_A0001841.nii.gz,0.8411509657075286,0.9364777554989803
BDMAP_A0001844.nii.gz,0.4961113385182153,0.49158386441257085
BDMAP_A0001852.nii.gz,0.9431319450929125,0.9738698975535616
BDMAP_A0001857.nii.gz,0.6726144957090662,0.581638451
BDMAP_A0001858.nii.gz,0.6771636901616823,0.6534782652492922
BDMAP_A0001859.nii.gz,0.8831679628139805,0.9506910528878765
BDMAP_A0001861.nii.gz,0.9027223707860242,0.8663654214940081
BDMAP_A0001866.nii.gz,0.8812802735302497,0.7528609267373377
BDMAP_A0001878.nii.gz,0.9360889587779401,0.9578273121113081
BDMAP_A0001880.nii.gz,0.7592281879194631,0.7772301624637624
BDMAP_A0001881.nii.gz,0,0
BDMAP_A0001890.nii.gz,0.7893491124260354,0.8847562263180977
BDMAP_A0001900.nii.gz,0.8918256607736741,0.9004011921180157
BDMAP_A0001904.nii.gz,0.8388551604509974,0.6661850618437024
BDMAP_A0001906.nii.gz,0.39186900056465274,0.47830906753190783
BDMAP_A0001907.nii.gz,0.8251354985940748,0.7559892384442414
BDMAP_A0001918.nii.gz,0.6269795338559478,0.5294264132092027
BDMAP_A0001927.nii.gz,0.8961329715061058,0.8656970631771496
BDMAP_A0001928.nii.gz,0.8528045325779037,0.7530772122463754
BDMAP_A0001934.nii.gz,0.9300245129008617,0.9607338807396024
BDMAP_A0001939.nii.gz,0.6610309657263622,0.5286443109721817
BDMAP_A0001942.nii.gz,0.43408714837286266,0.33953345578846555
BDMAP_A0001949.nii.gz,0.9457756765496248,0.888779891
BDMAP_A0001956.nii.gz,0.949284733,0.9677307785629277
BDMAP_A0001957.nii.gz,0.8580817051509769,0.8471549044879734
BDMAP_A0001958.nii.gz,0.8607060288102436,0.8506463225463616
BDMAP_A0001964.nii.gz,0.5264727815063386,0.5387663972638765
BDMAP_A0001974.nii.gz,0.9351724137931035,0.9375094344882361
BDMAP_A0001983.nii.gz,0.9176684055341348,0.9475574230190527
BDMAP_A0001997.nii.gz,0.911895783,0.8913115058979664
BDMAP_A0002002.nii.gz,0.723404255,0.7410769540149453
BDMAP_A0002004.nii.gz,0.6983436853002071,0.6428585494836364
BDMAP_A0002008.nii.gz,0.9455642396818867,0.969491551
BDMAP_A0002010.nii.gz,0.949016816,0.9370093133636905
BDMAP_A0002012.nii.gz,0.8996067545685866,0.9835581243093406
BDMAP_A0002028.nii.gz,0.9075341600788018,0.9089585073238283
BDMAP_A0002039.nii.gz,0.850930121,0.7846883584573241
BDMAP_A0002040.nii.gz,0.921835272,0.8905949402095659
BDMAP_A0002042.nii.gz,0.890283905,0.8711128590893836
BDMAP_A0002046.nii.gz,0.9633682930536556,0.9877569546682354
BDMAP_A0002047.nii.gz,0.7729028697571744,0.719106574
BDMAP_A0002057.nii.gz,0.8903964757709251,0.8541392204660968
BDMAP_A0002068.nii.gz,0.8357142857142857,0.8718201628166361
BDMAP_A0002072.nii.gz,0.940115805,0.9283648987063629
BDMAP_A0002077.nii.gz,0.12803281018415122,0.27334310064657735
BDMAP_A0002078.nii.gz,0.8696174945517396,0.9194914561694636
BDMAP_A0002082.nii.gz,0.2535377358490566,0.30019241171205574
BDMAP_A0002084.nii.gz,0.8316831683168316,0.7774918859838207
BDMAP_A0002091.nii.gz,0.9132348057123879,0.8220046349549806
BDMAP_A0002097.nii.gz,0.7926727726894255,0.7734853526468654
BDMAP_A0002099.nii.gz,0.42904149062518254,0.4578486299756326
BDMAP_A0002100.nii.gz,0.7639479223931028,0.5458701533404086
BDMAP_A0002101.nii.gz,0.9430127041742287,0.9759991839798201
BDMAP_A0002111.nii.gz,0.8637026841018582,0.7990645190205443
BDMAP_A0002114.nii.gz,0.8885097591134624,0.8021667741453467
BDMAP_A0002119.nii.gz,0.9369779396016278,0.8933256323821035
BDMAP_A0002120.nii.gz,0.8531081505149345,0.730008921
BDMAP_A0002121.nii.gz,0.9288718571829143,0.9770348142364516
BDMAP_A0002122.nii.gz,0.8270096463022508,0.8288170732128578
BDMAP_A0002123.nii.gz,0.5088125333808082,0.4646632146521155
BDMAP_A0002124.nii.gz,0.8707779121322048,0.91238033
BDMAP_A0002125.nii.gz,0.9502092972020268,0.9870051738387915
BDMAP_A0002126.nii.gz,0.8593475288142215,0.8684043025604059
BDMAP_A0002127.nii.gz,0.8772185045097469,0.9870547779428751
BDMAP_A0002128.nii.gz,0.9319444444444445,0.9645159784933531
BDMAP_A0002129.nii.gz,0.9139687862762802,0.9453168931692408
BDMAP_A0002131.nii.gz,0.8682170542635659,0.8127085162997311
BDMAP_A0002133.nii.gz,0.8318295593457128,0.7940021709205525
BDMAP_A0002143.nii.gz,0.8513282963685108,0.8500406087251027
BDMAP_A0002147.nii.gz,0.7660449679801804,0.7921807376381307
BDMAP_A0002155.nii.gz,0.947972973,0.9932860180789678
BDMAP_A0002156.nii.gz,0.7754356941156336,0.7103168300597573
BDMAP_A0002157.nii.gz,0.9029272604377893,0.8594423089135084
BDMAP_A0002158.nii.gz,0.8429475521932058,0.796902009
BDMAP_A0002159.nii.gz,0.9177574423722924,0.9615398164865566
BDMAP_A0002160.nii.gz,0.7691848312929233,0.5870269877628324
BDMAP_A0002161.nii.gz,0.5574255594599593,0.5878326334234683
BDMAP_A0002162.nii.gz,0.8831294269156471,0.920199792
BDMAP_A0002163.nii.gz,0.7350919749343037,0.6692479230090554
BDMAP_A0002164.nii.gz,0.9346601761070354,0.8825284065228756
BDMAP_A0002165.nii.gz,0.8398729748640938,0.8456581323403585
BDMAP_A0002166.nii.gz,0.7456161177627786,0.5307112117136109
BDMAP_A0002167.nii.gz,0.926969697,0.9820324433523585
BDMAP_A0002168.nii.gz,0.9361086375779163,0.9833477034175192
BDMAP_A0002169.nii.gz,0.924518795,0.9711712308090987
BDMAP_A0002170.nii.gz,0.938162857,0.9546923607908241
BDMAP_A0002172.nii.gz,0.741386705,0.6992689837918024
BDMAP_A0002173.nii.gz,0.7847911848728064,0.6130526957325536
BDMAP_A0002190.nii.gz,0.9720831470719714,0.9804326426679311
BDMAP_A0002191.nii.gz,0.959474982,0.9361213015523115
BDMAP_A0002192.nii.gz,0.38688946015424164,0.4661373957883129
BDMAP_A0002195.nii.gz,0.6772103658536586,0.5973356517497604
BDMAP_A0002199.nii.gz,0.9784831711799213,0.9696167560536503
BDMAP_A0002203.nii.gz,0.9406612037298672,0.9818325857555043
BDMAP_A0002224.nii.gz,0.5306009415674329,0.4966618883599061
BDMAP_A0002231.nii.gz,0.741779332,0.6316633885585909
BDMAP_A0002234.nii.gz,0.7987235809673683,0.7456246177703131
BDMAP_A0002235.nii.gz,0.078543151,0.15025422656480195
BDMAP_A0002236.nii.gz,0.9301666299177875,0.8942976135626438
BDMAP_A0002241.nii.gz,0.9603658536585366,1
BDMAP_A0002244.nii.gz,0.9236325332932059,0.9557441494127241
BDMAP_A0002253.nii.gz,0.730121054,0.6249447668336943
BDMAP_A0002255.nii.gz,0.9502481065552364,0.9006853752622223
BDMAP_A0002263.nii.gz,0.9526480004894263,0.930282634
BDMAP_A0002264.nii.gz,0,0
BDMAP_A0002272.nii.gz,0.7210438078577156,0.5417824272072074
BDMAP_A0002279.nii.gz,0.11972789115646258,0.32269524007591044
BDMAP_A0002284.nii.gz,0.9134639857470094,0.9749714580875957
BDMAP_A0002285.nii.gz,0.6772103658536586,0.5973356517497604
BDMAP_A0002287.nii.gz,0.7294906166219839,0.6843774350753979
BDMAP_A0002288.nii.gz,0.8993948562783661,0.9911185397483246
BDMAP_A0002293.nii.gz,0.8311463021979827,0.6902438320700616
BDMAP_A0002294.nii.gz,0.5711707770547383,0.3298436161677215
BDMAP_A0002295.nii.gz,0.9541091972287549,0.9691492705390664
BDMAP_A0002303.nii.gz,0.9622626359950219,0.9391210677252226
BDMAP_A0002308.nii.gz,0.8731303576707065,0.7452634719001103
BDMAP_A0002310.nii.gz,0.2174721189591078,0.23028749993660924
BDMAP_A0002311.nii.gz,0.705444461,0.537268821
BDMAP_A0002316.nii.gz,0.8862173649058895,0.8176140052523521
BDMAP_A0002318.nii.gz,0.7684420393050413,0.8722182259978174
BDMAP_A0002320.nii.gz,0.8756885192785397,0.8545926352438699
BDMAP_A0002324.nii.gz,0.9129907184467511,0.6884116815617404
BDMAP_A0002325.nii.gz,0,0
BDMAP_A0002326.nii.gz,0.8021390374331551,0.8934605496876636
BDMAP_A0002330.nii.gz,0.8272935779816514,0.7854867043486937
BDMAP_A0002336.nii.gz,0.8478632478632478,0.9953372939696168
BDMAP_A0002340.nii.gz,0.9233498935415189,0.9900262764388977
BDMAP_A0002342.nii.gz,0.5359114712921494,0.4656982507552815
BDMAP_A0002345.nii.gz,0,0
BDMAP_A0002349.nii.gz,0.948076923,1
BDMAP_A0002354.nii.gz,0.6742209631728046,0.8919192816600096
BDMAP_A0002360.nii.gz,0.8540983606557377,0.993928025
BDMAP_A0002363.nii.gz,0.9344359125812167,1
BDMAP_A0002364.nii.gz,0.7173061863743148,0.8391766367827402
BDMAP_A0002365.nii.gz,0.18266978922716628,0.47125665407971284
BDMAP_A0002369.nii.gz,0.9594589167088384,0.9360435595511822
BDMAP_A0002371.nii.gz,0.9502481065552364,0.9006853752622223
BDMAP_A0002377.nii.gz,0.44142259414225943,0.4731545898398936
BDMAP_A0002383.nii.gz,0,0
BDMAP_A0002385.nii.gz,0.6419146977600491,0.6889578686423029
BDMAP_A0002388.nii.gz,0.7396295513768575,0.6628964343969822
BDMAP_A0002389.nii.gz,0.8047162859248342,0.9670714067722119
BDMAP_A0002390.nii.gz,0.9100182149362477,0.9795775476148222
BDMAP_A0002391.nii.gz,0.8379646337062432,0.8485606268783574
BDMAP_A0002392.nii.gz,0.8718861209964412,0.7914375653709838
BDMAP_A0002394.nii.gz,0,0
BDMAP_A0002396.nii.gz,0.9234140462364413,0.9665766073994835
BDMAP_A0002404.nii.gz,0.2031523642732049,0.1450832629276846
BDMAP_A0002407.nii.gz,0.2175732217573222,0.23160107410756844
BDMAP_A0002413.nii.gz,0.63969832,0.6852171300083089
BDMAP_A0002416.nii.gz,0.8327402135231317,0.845075327
BDMAP_A0002417.nii.gz,0.8718209562563581,0.9889483787770322
BDMAP_A0002424.nii.gz,0.9319727891156463,0.9364660488110838
BDMAP_A0002428.nii.gz,0.7248362120309708,0.8460317152554098
BDMAP_A0002430.nii.gz,0.027547770700636943,0.10643630795735833
BDMAP_A0002436.nii.gz,0.6486714466469844,0.7176985118143365
BDMAP_A0002440.nii.gz,0.9425188988731993,0.9621731053089927
BDMAP_A0002443.nii.gz,0.8557584793142006,0.8961348841543033
BDMAP_A0002458.nii.gz,0.8451400329489291,0.9498030507936358
BDMAP_A0002462.nii.gz,0.9651381067310271,0.9517727976829434
BDMAP_A0002465.nii.gz,0.741436569,0.6805516116835336
BDMAP_A0002467.nii.gz,0.8815151515151515,0.8910935275371676
BDMAP_A0002468.nii.gz,0.8380651291660376,0.624140721
BDMAP_A0002469.nii.gz,0.3126934984520124,0.41691162890861894
BDMAP_A0002472.nii.gz,0.8227642276422764,0.8809962504586016
BDMAP_A0002475.nii.gz,0.32900856793145655,0.46876851801741537
BDMAP_A0002476.nii.gz,0.9390269023194496,0.8944132102840764
BDMAP_A0002487.nii.gz,0.8691163073185545,0.9517132938631067
BDMAP_A0002499.nii.gz,0.8827706129546442,0.9213554687422731
BDMAP_A0002502.nii.gz,0.9727955057409418,0.9665969685186524
BDMAP_A0002503.nii.gz,0.9463041243002399,0.9361619012797863
BDMAP_A0002505.nii.gz,0.9283322170127261,1
BDMAP_A0002506.nii.gz,0.9571913187618056,0.9126779330022524
BDMAP_A0002507.nii.gz,0.5137318255250404,0.5686552730270538
BDMAP_A0002508.nii.gz,0.8573063390998406,0.6533474198508171
BDMAP_A0002509.nii.gz,0.7064439140811456,0.9492921130107413
BDMAP_A0002510.nii.gz,0.4469357249626308,0.6807953606151775
BDMAP_A0002511.nii.gz,0.7858942065491183,0.9935695644789568
BDMAP_A0002512.nii.gz,0.9358345845619493,0.8246871990049867
BDMAP_A0002514.nii.gz,0.9416626489427646,0.899168063
BDMAP_A0002515.nii.gz,0.3479648842777334,0.30518936716068273
BDMAP_A0002517.nii.gz,0.829618508,0.6846086165351509
BDMAP_A0002518.nii.gz,0.8798596901490792,0.9821156906409254
BDMAP_A0002519.nii.gz,0.9110056706399722,0.9230500067838374
BDMAP_A0002520.nii.gz,0.7807652533609101,0.7887507231664661
BDMAP_A0002521.nii.gz,0.9408089859279359,0.9372257812780059
BDMAP_A0002523.nii.gz,0.9059847198641766,0.9454658401020576
BDMAP_A0002524.nii.gz,0.7377414561664191,0.7707471040330143
BDMAP_A0002525.nii.gz,0.9246880858491175,0.900579359
BDMAP_A0002526.nii.gz,0.694134755,0.7447119827099175
BDMAP_A0002528.nii.gz,0.9308023109334955,0.9362675776224346
BDMAP_A0002529.nii.gz,0.5923820352472996,0.6419932219782905
BDMAP_A0002533.nii.gz,0.971582054,0.9816049665243962
BDMAP_A0002539.nii.gz,0.9427417438821573,1
BDMAP_A0002549.nii.gz,0.9204466154919749,0.9986688957981601
BDMAP_A0002554.nii.gz,0.7875743321203514,0.6940475135292926
BDMAP_A0002556.nii.gz,0.8470527135808881,0.8062379917886063
BDMAP_A0002563.nii.gz,0.9402852466682254,0.9538265053371071
BDMAP_A0002569.nii.gz,0.41901408450704225,0.72947729
BDMAP_A0002575.nii.gz,0.7332750327940534,0.6971530558905994
BDMAP_A0002576.nii.gz,0,0
BDMAP_A0002577.nii.gz,0.8619402985074627,0.9622475433765225
BDMAP_A0002578.nii.gz,0.8089795918367347,0.7689641871284697
BDMAP_A0002579.nii.gz,0.9431425637195406,0.9738791306701907
BDMAP_A0002580.nii.gz,0.8619402985074627,0.9622475433765225
BDMAP_A0002581.nii.gz,0,0
BDMAP_A0002582.nii.gz,0.919908467,0.961568259
BDMAP_A0002583.nii.gz,0.9575634517766497,0.9866343784903134
BDMAP_A0002584.nii.gz,0.8751563672754565,0.9033019221032375
BDMAP_A0002585.nii.gz,0.8073563218390805,0.979124056
BDMAP_A0002586.nii.gz,0.8722116860832656,0.754009066
BDMAP_A0002594.nii.gz,0.8089795918367347,0.7689641871284697
BDMAP_A0002596.nii.gz,0.793353913,0.7503504296698142
BDMAP_A0002598.nii.gz,0.8912395611593253,0.7477430458936247
BDMAP_A0002600.nii.gz,0.9140284226818629,0.9367287208060365
BDMAP_A0002607.nii.gz,0.9082706766917293,1
BDMAP_A0002619.nii.gz,0.8308457711442786,0.8811611953574021
BDMAP_A0002623.nii.gz,0.9324886877828055,0.9967304573171326
BDMAP_A0002624.nii.gz,0.7017857142857142,0.8727107742260217
BDMAP_A0002630.nii.gz,0.7564986737400531,0.8859920072328864
BDMAP_A0002631.nii.gz,0.894689871,0.9188104643743563
BDMAP_A0002632.nii.gz,0.920887123,0.8545004000102498
BDMAP_A0002634.nii.gz,0.9705062951182498,0.9346100168750416
BDMAP_A0002635.nii.gz,0.5338417540514776,0.7082623733069017
BDMAP_A0002636.nii.gz,0.296700688,0.28184053289018257
BDMAP_A0002637.nii.gz,0.9669565217391304,0.9868840964627738
BDMAP_A0002638.nii.gz,0.9576629974597799,0.9188848620214979
BDMAP_A0002639.nii.gz,0.9719663436615225,0.9937144911006422
BDMAP_A0002640.nii.gz,0.38173302107728335,0.4890673891466337
BDMAP_A0002642.nii.gz,0.7678840103952947,0.6822509173963687
BDMAP_A0002643.nii.gz,0.9540103016924208,0.9981540899217691
BDMAP_A0002644.nii.gz,0.9266704098820887,0.9475892053601929
BDMAP_A0002645.nii.gz,0.7617288511267085,0.7277231092095632
BDMAP_A0002646.nii.gz,0.8793679732604072,0.9171842267666243
BDMAP_A0002647.nii.gz,0.8106634353226295,0.8589591597216871
BDMAP_A0002648.nii.gz,0.9664205017272918,0.899114105
BDMAP_A0002649.nii.gz,0.8668252080856124,0.9723279627663809
BDMAP_V0000003.nii.gz,0.1990521327014218,0.41310468562674374
BDMAP_V0000009.nii.gz,0.9652206633338709,0.996409649
BDMAP_V0000014.nii.gz,0.3364262612858289,0.20716269785104474
BDMAP_V0000015.nii.gz,0.8198338525441329,0.8697684729087317
BDMAP_V0000016.nii.gz,0.9624568993210973,0.9599858848091388
BDMAP_V0000017.nii.gz,0.6099650695314045,0.49322182109985335
BDMAP_V0000018.nii.gz,0.9559128454400218,0.9729479117923568
BDMAP_V0000020.nii.gz,0.9480429511603741,0.9659373405640798
BDMAP_V0000025.nii.gz,0.951276102,0.9949925770899232
BDMAP_V0000028.nii.gz,0.9698472784231823,0.9995993688842809
BDMAP_V0000029.nii.gz,0.9520230652110532,0.9545847371407673
BDMAP_V0000032.nii.gz,0.9016466969949382,0.8923881000391412
BDMAP_V0000039.nii.gz,0.949436521,0.9895386082283957
BDMAP_V0000041.nii.gz,0.9633664714694267,0.9990578089048483
BDMAP_V0000052.nii.gz,0.9305244285073958,0.9792243566755473
BDMAP_V0000055.nii.gz,0.4254191454840454,0.4843907699503646
BDMAP_V0000056.nii.gz,0.9800478850758181,1
BDMAP_V0000057.nii.gz,0.975433287,0.9662044680764352
BDMAP_V0000059.nii.gz,0.9628825518767483,0.9939301811021727
BDMAP_V0000062.nii.gz,0.9692679761694095,1
BDMAP_V0000063.nii.gz,0.9439887272910271,0.9336929967797559
BDMAP_V0000066.nii.gz,0.6459010179366375,0.43665247078201247
BDMAP_V0000073.nii.gz,0.8483888008452193,0.9522134344187206
BDMAP_V0000074.nii.gz,0.8416228472188721,0.8604743770071688
BDMAP_V0000075.nii.gz,0.8635346756152126,0.9766255088394962
BDMAP_V0000076.nii.gz,0.6567285995487061,0.48693821862701975
BDMAP_V0000078.nii.gz,0.9413568417018015,0.9511722939410151
BDMAP_V0000087.nii.gz,0.9317343846968204,0.9737035140896877
BDMAP_V0000092.nii.gz,0.9363212780119814,0.9934151707525035
BDMAP_V0000093.nii.gz,0.9446361097420732,0.9902707286309566
BDMAP_V0000100.nii.gz,0.1990632318501171,0.3420938344455565
BDMAP_V0000103.nii.gz,0.1444043321299639,0.21325947172302623
BDMAP_V0000104.nii.gz,0.5973392335404079,0.3392012735386304
BDMAP_V0000105.nii.gz,0.43361986628462273,0.49741880214738926
BDMAP_V0000106.nii.gz,0.8759367194004996,0.9713362531956595
BDMAP_V0000115.nii.gz,0.071428571,0.5019408377106004
BDMAP_V0000121.nii.gz,0.5150943396226415,0.6591441987585661
BDMAP_V0000124.nii.gz,0.9049271339347675,0.9672459962703188
BDMAP_V0000131.nii.gz,0.8414481897627965,0.9821555462541692
BDMAP_V0000140.nii.gz,0.8703505644682116,0.8338101882181503
BDMAP_V0000141.nii.gz,0.7655689598956635,0.8786322291271587
BDMAP_V0000142.nii.gz,0.9459698848538529,0.9967699222777877
BDMAP_V0000144.nii.gz,0.9405320813771518,1
BDMAP_V0000145.nii.gz,0.7703703703703704,0.9490481155260444
BDMAP_V0000146.nii.gz,0.9477449455676517,0.9929431111419739
BDMAP_V0000150.nii.gz,0.9036302791544881,0.8779531703415192
BDMAP_V0000156.nii.gz,0.874468085,0.973396374
BDMAP_V0000159.nii.gz,0.9392169586848367,0.9663019825099132
BDMAP_V0000161.nii.gz,0.18862690707350901,0.41776304896179506
BDMAP_V0000165.nii.gz,0.8474821444715668,0.8948589093378927
BDMAP_V0000166.nii.gz,0.12297734627831715,0.3341881418668463
BDMAP_V0000172.nii.gz,0.7679277244494636,0.8014636782863994
BDMAP_V0000177.nii.gz,0.7745440434613892,0.869646519
BDMAP_V0000179.nii.gz,0.935212146,0.9399863733386069
BDMAP_V0000181.nii.gz,0.3774288823255091,0.47477657674321144
BDMAP_V0000182.nii.gz,0.9684162029122565,0.9570483637505666
BDMAP_V0000187.nii.gz,0.6867305061559508,0.9198448463623267
BDMAP_V0000190.nii.gz,0.7196294976843606,0.7613035610436175
BDMAP_V0000194.nii.gz,0.573170732,0.7010574402241899
BDMAP_V0000200.nii.gz,0.25337620578778136,0.42501466771703944
BDMAP_V0000204.nii.gz,0.8491862567811935,0.9821600855792959
BDMAP_V0000205.nii.gz,0.5503480278422274,0.8042988377349444
BDMAP_V0000207.nii.gz,0.9709480605696583,0.993186684
BDMAP_V0000217.nii.gz,0.9718861335496843,0.9704945336714484
BDMAP_V0000220.nii.gz,0.8693009118541033,1
BDMAP_V0000221.nii.gz,0.942457232,1
BDMAP_V0000222.nii.gz,0.7801890094504725,0.8500894922951816
BDMAP_V0000223.nii.gz,0,0
BDMAP_V0000224.nii.gz,0.5017182130584192,0.7764763452437268
BDMAP_V0000225.nii.gz,0,0
BDMAP_V0000226.nii.gz,0,0
BDMAP_V0000228.nii.gz,0.37183098591549296,0.7978023244622242
BDMAP_V0000229.nii.gz,0.946515397,0.9907826129310348
BDMAP_V0000230.nii.gz,0.9776350364963504,0.9990087768197731
BDMAP_V0000231.nii.gz,0.8518372184907151,0.9300124094680984
BDMAP_V0000232.nii.gz,0.817174515,0.9100537985564444
BDMAP_V0000233.nii.gz,0.6884892086330935,0.6440960468829833
BDMAP_V0000234.nii.gz,0.5693693693693693,0.7624512169308107
BDMAP_V0000235.nii.gz,0.6435224386113463,0.7011801512280561
BDMAP_V0000236.nii.gz,0.5263157894736842,0.6496591061025089
BDMAP_V0000237.nii.gz,0.9450834879406308,0.9967827646182397
BDMAP_V0000238.nii.gz,0.3619047619047619,0.6493287190276694
BDMAP_V0000240.nii.gz,0.7039800995024875,0.7996648355805429
BDMAP_V0000241.nii.gz,0.7302075326671791,0.8413618561355851
BDMAP_V0000242.nii.gz,0.8775879917184265,0.9616550056193035
BDMAP_V0000243.nii.gz,0.7820555741546702,0.7941604450157993
BDMAP_V0000244.nii.gz,0.7941582790605881,0.8807988205447063
BDMAP_V0000245.nii.gz,0.770012706,0.9211097365648547
BDMAP_V0000247.nii.gz,0.8535307517084283,0.9285105025129936
BDMAP_V0000248.nii.gz,0.43103448275862066,0.6060841384113764
BDMAP_V0000249.nii.gz,0.7488188976377953,0.8858313886328614
BDMAP_V0000250.nii.gz,0,0.3235472593000114
BDMAP_V0000251.nii.gz,0.8598609586534943,0.9492451639554967
BDMAP_V0000253.nii.gz,0.6626425217974514,0.6992574137481012
BDMAP_V0000254.nii.gz,0.2833562585969739,0.47990171919101543
BDMAP_V0000255.nii.gz,0.8813937282229966,0.9234399493467667
BDMAP_V0000256.nii.gz,0,0
BDMAP_V0000257.nii.gz,0.6667932556824803,0.4404168557198353
BDMAP_V0000258.nii.gz,0.059692671,0.13833444766534492
BDMAP_V0000259.nii.gz,0.5829145728643216,0.8834794803120278
BDMAP_V0000261.nii.gz,0.9414786277747202,0.9954941622675089
BDMAP_V0000262.nii.gz,0.8731966590736523,0.9808735041341746
BDMAP_V0000263.nii.gz,0.33217993079584773,0.6737901685981346
BDMAP_V0000264.nii.gz,0.8830645161290323,0.9385587397377949
BDMAP_V0000266.nii.gz,0.4833098260460743,0.611933132
BDMAP_V0000267.nii.gz,0.9633566433566434,1
BDMAP_V0000268.nii.gz,0.7523259762308998,0.680914351
BDMAP_V0000269.nii.gz,0.6671918077983459,0.6154566751464536
BDMAP_V0000270.nii.gz,0.920125735,0.9261130957926422
BDMAP_V0000272.nii.gz,0.9245787332945962,0.9822956049725085
BDMAP_V0000273.nii.gz,0.503921569,0.5789918606841048
BDMAP_V0000274.nii.gz,0.8681882519462137,0.8597471985521269
BDMAP_V0000275.nii.gz,0.9716089881278427,0.9560918704185157
BDMAP_V0000277.nii.gz,0.7980334839224024,0.7779932277610011
BDMAP_V0000278.nii.gz,0.9041980624327234,0.9848555227140482
BDMAP_V0000279.nii.gz,0.9138276553106213,0.9935644436378768
BDMAP_V0000281.nii.gz,0.9322822680216545,0.9305985525925239
BDMAP_V0000282.nii.gz,0.5760998810939358,0.7888497849852546
BDMAP_V0000283.nii.gz,0.8349680170575693,0.8715671595423632
BDMAP_V0000284.nii.gz,0.7738775510204081,0.8527677795528312
BDMAP_V0000285.nii.gz,0.3028391167192429,0.5579118876881907
BDMAP_V0000286.nii.gz,0.6368062317429406,0.6558123326353644
BDMAP_V0000287.nii.gz,0.43356643356643354,0.8052594863475906
BDMAP_V0000288.nii.gz,0.8846542150429076,0.941061544
BDMAP_V0000289.nii.gz,0.919175911,0.9900348346340778
BDMAP_V0000290.nii.gz,0.7984757438077092,0.8747572653042983
BDMAP_V0000291.nii.gz,0.926605505,0.9151365700993095
BDMAP_V0000292.nii.gz,0.8372577078183947,0.8138894936081994
BDMAP_V0000293.nii.gz,0.8518518518518519,0.9991785044200937
BDMAP_V0000294.nii.gz,0.9571393341553638,0.9767379408782518
BDMAP_V0000295.nii.gz,0.6610025488530161,0.8207398004321925
BDMAP_V0000296.nii.gz,0.912901247,0.8975554547226078
BDMAP_V0000297.nii.gz,0.9295449295449295,0.9853145821344675
BDMAP_V0000298.nii.gz,0.8111211846479299,0.8677575273201127
BDMAP_V0000300.nii.gz,0.9539800021061784,0.889114268
BDMAP_V0000301.nii.gz,0.8700104794210989,0.7901128567339071
BDMAP_V0000302.nii.gz,0.5762525233987887,0.6296810965214787
BDMAP_V0000303.nii.gz,0.9142492827542238,0.9649447210193738
BDMAP_V0000304.nii.gz,0.963448751,0.9320471590044165
BDMAP_V0000305.nii.gz,0.4986301369863014,0.34930481590447804
BDMAP_V0000307.nii.gz,0.9790461639201135,0.9998933493649774
BDMAP_V0000308.nii.gz,0.6411405295315682,0.7282511793932338
BDMAP_V0000309.nii.gz,0.7215601300108342,0.8975082408820809
BDMAP_V0000310.nii.gz,0.9736316840004202,1
BDMAP_V0000311.nii.gz,0.8049320265570661,0.9266215581684096
BDMAP_V0000312.nii.gz,0.8729708837928369,0.9642091844775751
BDMAP_V0000313.nii.gz,0.8133333333333334,0.9931942147024544
BDMAP_V0000314.nii.gz,0.9138990825688074,0.8450706358607512
BDMAP_V0000315.nii.gz,0.9041201386214863,0.9901747263067711
BDMAP_V0000318.nii.gz,0.9736881136720952,0.9927712691567407
BDMAP_V0000322.nii.gz,0.9562232338560108,0.9374842046665085
BDMAP_V0000327.nii.gz,0.9322825859543902,0.9502352952517327
BDMAP_V0000333.nii.gz,0.9524222771245431,0.8309262288562311
BDMAP_V0000334.nii.gz,0.7084397302429123,0.6341303527773479
BDMAP_V0000335.nii.gz,0.9316596931659693,0.9851151825630099
BDMAP_V0000339.nii.gz,0.9692602184438689,0.9937274893801676
BDMAP_V0000342.nii.gz,0.9124497991967871,1
BDMAP_V0000347.nii.gz,0.949049585,0.9845571923593809
BDMAP_V0000348.nii.gz,0.8572974055895022,0.7636307836102014
BDMAP_V0000355.nii.gz,0.8001474926253688,0.8592326370343226
BDMAP_V0000358.nii.gz,0.27289489858635524,0.2825483866014659
BDMAP_V0000363.nii.gz,0.8020466901183243,0.8784321672613458
BDMAP_V0000364.nii.gz,0.6733668341708543,0.8746946343998339
BDMAP_V0000372.nii.gz,0.8868894601542416,1
BDMAP_V0000373.nii.gz,0.88125,0.9717318335786558
BDMAP_V0000376.nii.gz,0.5420303169499311,0.7284822561780618
BDMAP_V0000381.nii.gz,0.8616422947131609,0.9829757614129213
BDMAP_V0000383.nii.gz,0.6834733893557423,0.8591235711953122
BDMAP_V0000385.nii.gz,0.8681828218149702,0.9439054668489024
BDMAP_V0000388.nii.gz,0.845088161,0.9488238948657745
BDMAP_V0000395.nii.gz,0.676,0.698829685
BDMAP_V0000397.nii.gz,0.6175298804780877,0.8017816593070302
BDMAP_V0000400.nii.gz,0.944038662,0.9841113636864969
BDMAP_V0000403.nii.gz,0.8738718411552346,0.891605355
BDMAP_V0000404.nii.gz,0.7654164017800381,0.893326847
BDMAP_V0000405.nii.gz,0.9253870546539824,0.9787181198128594
BDMAP_V0000407.nii.gz,0,0
BDMAP_V0000408.nii.gz,0.7853881278538812,1
BDMAP_V0000409.nii.gz,0.9558823529411765,1
BDMAP_V0000410.nii.gz,0.9394096323148627,0.996482057
BDMAP_V0000411.nii.gz,0.7468247248094835,0.8914790468895016
BDMAP_V0000412.nii.gz,0.711340206,0.9127688628689812
BDMAP_V0000413.nii.gz,0.5630630630630631,0.824726194
BDMAP_V0000415.nii.gz,0.8588498879761016,0.9657405090224039
BDMAP_V0000416.nii.gz,0.9206182866125229,1
BDMAP_V0000418.nii.gz,0.8634412797502926,0.9402975188509027
BDMAP_V0000419.nii.gz,0.6607142857142857,0.8441737067414938
BDMAP_V0000420.nii.gz,0.9652570350573809,0.996682074
BDMAP_V0000422.nii.gz,0.9071781025975235,0.9443891151871165
BDMAP_V0000423.nii.gz,0.8815028901734104,0.9605028345121948
BDMAP_V0000424.nii.gz,0,0
BDMAP_V0000425.nii.gz,0.053097345,0.28195558348183897
BDMAP_V0000428.nii.gz,0.384180791,0.8263374989860806
BDMAP_V0000429.nii.gz,0.9565171835708298,0.9818827802818604
BDMAP_V0000430.nii.gz,0.9421448730009407,1
BDMAP_V0000432.nii.gz,0.8952629291612343,0.9443122919033434
BDMAP_V0000433.nii.gz,0.9538621047174702,0.9960346492072554
BDMAP_V0000434.nii.gz,0.9328023892483823,0.9945958431610392
BDMAP_V0000435.nii.gz,0.001927246,0.0251666
BDMAP_V0000436.nii.gz,0.8320597328355597,0.802078005
BDMAP_V0000438.nii.gz,0.9129300118623962,0.983046104
BDMAP_V0000439.nii.gz,0,0
BDMAP_V0000440.nii.gz,0.8516589793185538,0.8990541001640044
BDMAP_V0000441.nii.gz,0.8696479543292103,0.8756208021398763
BDMAP_V0000442.nii.gz,0.8752508877566775,0.8467138178497069
BDMAP_V0000443.nii.gz,0.012536443148688046,0.071887174
BDMAP_V0000444.nii.gz,0.7780898876404494,0.8150769746754151
BDMAP_V0000447.nii.gz,0.8779037353651737,0.8291416440140358
BDMAP_V0000448.nii.gz,0.9196829806356729,0.9801418677224996
BDMAP_V0000449.nii.gz,0.7556270096463023,0.8671423671965698
BDMAP_V0000451.nii.gz,0.5316833795604865,0.54381831
BDMAP_V0000453.nii.gz,0.8721147847785402,0.9726128847372775
BDMAP_V0000454.nii.gz,0.7374301675977654,0.8680865627640474
BDMAP_V0000455.nii.gz,0.9409083509685822,0.994224034
BDMAP_V0000456.nii.gz,0.9294851794071762,0.7962386929763711
BDMAP_V0000457.nii.gz,0.51973051,0.6190173663521773
BDMAP_V0000458.nii.gz,0.9296785772556697,0.9966390776168546
BDMAP_V0000459.nii.gz,0.9641546794013162,0.996160203
BDMAP_V0000460.nii.gz,0.8529346128096407,0.8607469938225143
BDMAP_V0000463.nii.gz,0.8558421851289834,0.8702702245381174
BDMAP_V0000464.nii.gz,0.9759164503398706,0.9923201272742139
BDMAP_V0000465.nii.gz,0.679472226,0.36475486834848425
BDMAP_V0000466.nii.gz,0.7304220266305574,0.7532138798813987
BDMAP_V0000467.nii.gz,0.9175715695952616,0.9883582748043988
BDMAP_V0000468.nii.gz,0.7570150716823919,0.7508141103821632
BDMAP_V0000469.nii.gz,0.7767015368720134,0.7379526030471917
BDMAP_V0000470.nii.gz,0.7742879957412829,0.6677994544407346
BDMAP_V0000471.nii.gz,0.9467542978095179,0.9252264432148121
BDMAP_V0000472.nii.gz,0.9050504137089117,0.8822644710806323
BDMAP_V0000473.nii.gz,0.9401559419984675,0.8653498641453465
BDMAP_V0000474.nii.gz,0.9055745164960182,0.9163496083432295
BDMAP_V0000475.nii.gz,0.9430783397564885,0.9278435398935905
BDMAP_V0000476.nii.gz,0.607411211,0.2699846683804987
BDMAP_V0000477.nii.gz,0.8775368362524326,0.8972923955031431
BDMAP_V0000478.nii.gz,0.9617082267863251,0.9856989860830063
BDMAP_V0000479.nii.gz,0.9594594594594594,0.9931569438667196
BDMAP_V0000480.nii.gz,0.931930384,0.9766342370030321
BDMAP_V0000481.nii.gz,0.8992430613961312,0.9055652819319175
BDMAP_V0000482.nii.gz,0.7742797941314083,0.7657675450057597
BDMAP_V0000483.nii.gz,0.6841409691629956,0.6050622336676088
BDMAP_V0000484.nii.gz,0.5773332231131686,0.4593273116187893
BDMAP_V0000485.nii.gz,0.8539810559879959,0.8700850428177174
BDMAP_V0000486.nii.gz,0.8630486250227645,0.8436113780930906
BDMAP_V0000487.nii.gz,0.9230769230769231,0.9169634324378243
BDMAP_V0000488.nii.gz,0.9003921568627451,0.8459510385646388
BDMAP_V0000489.nii.gz,0.6536350247690453,0.5725125925409756
BDMAP_V0000490.nii.gz,0.796983505,0.6619283782185489
BDMAP_V0000491.nii.gz,0.6755218216318786,0.5617652547119111
BDMAP_V0000492.nii.gz,0.844624527,0.8256738495459193
BDMAP_V0000493.nii.gz,0.8517063589491775,0.8423620418817878
BDMAP_V0000494.nii.gz,0.6384077787906411,0.6151922770686074
BDMAP_V0000495.nii.gz,0.829862875,0.8960660665605774
BDMAP_V0000496.nii.gz,0.7684311838306064,0.8065387258882466
BDMAP_V0000497.nii.gz,0.911596265,0.9163217857647056
BDMAP_V0000498.nii.gz,0.7595744680851064,0.7562882506217719
BDMAP_V0000499.nii.gz,0.8557956104252401,0.8253263277305202
BDMAP_V0000500.nii.gz,0.9299967641031173,0.9632317879784561
BDMAP_V0000501.nii.gz,0.8754402817803394,0.9246019309238755
BDMAP_V0000502.nii.gz,0.9095475681363066,0.8679827093196473
BDMAP_V0000504.nii.gz,0.9558867362146051,0.9794081016738577
BDMAP_V0000505.nii.gz,0.9536416443252904,0.9396921520686127
BDMAP_V0000506.nii.gz,0.821656051,0.7673838792012686
BDMAP_V0000507.nii.gz,0.7115384615384616,0.702185239
BDMAP_V0000508.nii.gz,0.8867279333190853,0.9307344020601356
BDMAP_V0000509.nii.gz,0.9488291413703382,0.9843559353203631
BDMAP_V0000510.nii.gz,0.9004426699071261,0.9705400248123465
BDMAP_V0000511.nii.gz,0.7523927848334253,0.5761585664762111
BDMAP_V0000512.nii.gz,0.799350499,0.8641324102212938
BDMAP_V0000513.nii.gz,0.634453137,0.5769384271098507
BDMAP_V0000514.nii.gz,0.9226533166458073,0.9295007473388269
BDMAP_V0000515.nii.gz,0.8623946661727938,0.8473010121297495
BDMAP_V0000516.nii.gz,0.9407378679644202,0.8907759358520471
BDMAP_V0000517.nii.gz,0.7129707112970711,0.7990368293933358
BDMAP_V0000518.nii.gz,0.9240605427974948,0.9422254012001076
BDMAP_V0000519.nii.gz,0.824093817,0.8524330001304602
BDMAP_V0000520.nii.gz,0.8865512649800267,0.9723295911091929
BDMAP_V0000521.nii.gz,0.958006086,0.979193414
BDMAP_V0000522.nii.gz,0.862987013,0.886902194
BDMAP_V0000523.nii.gz,0.851123596,0.870971259
BDMAP_V0000524.nii.gz,0.9011450474865109,0.8794561833305776
BDMAP_V0000525.nii.gz,0.9114936297099485,0.9164973306238176
BDMAP_V0000526.nii.gz,0.7609898280887514,0.7521200784704387
BDMAP_V0000527.nii.gz,0.8736035227921389,0.7846403612254672
BDMAP_V0000528.nii.gz,0.911811676,0.9006156082862964
BDMAP_V0000529.nii.gz,0.9443854526148129,0.9495625028398823
BDMAP_V0000530.nii.gz,0.9450126582278481,0.9852463487236259
BDMAP_V0000531.nii.gz,0.9579259093702855,0.9809999376711117
BDMAP_V0000532.nii.gz,0.9000825414294482,0.9053269822070557
BDMAP_V0000533.nii.gz,0.798132817,0.7593174948903627
BDMAP_V0000534.nii.gz,0.7031019202363368,0.7761970116809948
BDMAP_V0000535.nii.gz,0.8181000128551228,0.9330039551044375
BDMAP_V0000536.nii.gz,0.9549560672469494,0.9350842324197406
BDMAP_V0000537.nii.gz,0.8087976539589443,0.8210313304056216
BDMAP_V0000538.nii.gz,0.7001934235976789,0.7720788987476237
BDMAP_V0000539.nii.gz,0.9503232335521404,0.8665895983159058
BDMAP_V0000540.nii.gz,0.7354352296093215,0.834797115
BDMAP_V0000541.nii.gz,0.8967050381881012,0.813957984
BDMAP_V0000542.nii.gz,0.6662148424262961,0.7289477279564172
BDMAP_V0000543.nii.gz,0.9309693241667671,0.9463157430994039
BDMAP_V0000544.nii.gz,0.10712343665035345,0.24350911805280134
BDMAP_V0000545.nii.gz,0.8581585495911838,0.868516815
BDMAP_V0000546.nii.gz,0.8417428155211231,0.8612769344725897
BDMAP_V0000547.nii.gz,0.5488997555012225,0.5755547373241148
BDMAP_V0000548.nii.gz,0.8069695934403827,0.8349229850248037
BDMAP_V0000549.nii.gz,0.8795666705082402,0.8694823303481806
BDMAP_V0000550.nii.gz,0.7428826416778224,0.6750004538226511
BDMAP_V0000551.nii.gz,0.7445565586829528,0.8013410076694879
BDMAP_V0000552.nii.gz,0.8229844706111802,0.6721154147304302
BDMAP_V0000553.nii.gz,0.877577505,0.9258152484843792
BDMAP_V0000554.nii.gz,0.822599456,0.8706993727071977
BDMAP_V0000555.nii.gz,0.10761789600967352,0.031738277
BDMAP_V0000557.nii.gz,0.7659423293267807,0.8250509786532209
BDMAP_V0000558.nii.gz,0.6247477429633563,0.682596857
BDMAP_V0000559.nii.gz,0.94159012,0.9752232968889748
BDMAP_V0000560.nii.gz,0.913268237,0.9811322866150913
BDMAP_V0000562.nii.gz,0.8880687156086431,0.8998537307932973
BDMAP_V0000563.nii.gz,0.9500474363733862,0.962631434
BDMAP_V0000564.nii.gz,0.8527131782945736,0.8594361725141381
BDMAP_V0000565.nii.gz,0.5334045964724746,0.5266768386498414
BDMAP_V0000566.nii.gz,0.7682807292687708,0.7150521065440203
BDMAP_V0000567.nii.gz,0.3797839223585424,0.1698108748461194
BDMAP_V0000568.nii.gz,0.8545994065281899,0.874821404
BDMAP_V0000569.nii.gz,0.8885010404779485,0.9366627768458786
BDMAP_V0000571.nii.gz,0.9612084376117268,0.9721147709462898
BDMAP_V0000572.nii.gz,0.4946,0.4166527157630529
BDMAP_V0000573.nii.gz,0.7031019202363368,0.7753326049830398
BDMAP_V0000575.nii.gz,0.9537987185046009,0.9776025241374242
BDMAP_V0000991.nii.gz,0.13675213675213677,0.2750124899320281
BDMAP_V0000996.nii.gz,0,0
BDMAP_V0001002.nii.gz,0.7846763540290621,0.9840534925109579
BDMAP_V0001005.nii.gz,0.34705882352941175,0.46111003629682557
BDMAP_V0001016.nii.gz,0.3783783783783784,0.5782061675051496
BDMAP_V0001022.nii.gz,0.5469387755102041,0.7231020240639494
BDMAP_V0001023.nii.gz,0,0
BDMAP_V0001029.nii.gz,0,0
BDMAP_V0001033.nii.gz,0,0
BDMAP_V0001036.nii.gz,0,0
BDMAP_V0001042.nii.gz,0,0
BDMAP_V0001046.nii.gz,0,0
BDMAP_V0001051.nii.gz,0,0
BDMAP_V0001060.nii.gz,0,0
BDMAP_V0001062.nii.gz,0.015267175572519083,0.17752866975165632
BDMAP_V0001070.nii.gz,0,0
BDMAP_V0001077.nii.gz,0,0
BDMAP_V0001101.nii.gz,0,0
BDMAP_V0001104.nii.gz,0,0
BDMAP_V0001114.nii.gz,0,0
BDMAP_V0001121.nii.gz,0,0
BDMAP_V0001122.nii.gz,0,0
BDMAP_V0001123.nii.gz,0,0
BDMAP_V0001124.nii.gz,0,0
BDMAP_V0001138.nii.gz,0,0
BDMAP_V0001143.nii.gz,0,0.015026847268544596
BDMAP_V0001147.nii.gz,0,0
BDMAP_V0001162.nii.gz,0,0
BDMAP_V0001200.nii.gz,0,0
BDMAP_V0001202.nii.gz,0,0
BDMAP_V0001214.nii.gz,0.14893617021276595,0.43845139400644484
BDMAP_V0001222.nii.gz,0.031007751937984496,0.21419356970899375
BDMAP_V0001226.nii.gz,0,0
BDMAP_V0001228.nii.gz,0,0
BDMAP_V0001232.nii.gz,0.18181818181818182,0.5093037507373381
BDMAP_V0001256.nii.gz,0,0
BDMAP_V0001257.nii.gz,0,0
BDMAP_V0001268.nii.gz,0,0
BDMAP_V0001280.nii.gz,0,0
BDMAP_V0001281.nii.gz,0,0
BDMAP_V0001287.nii.gz,0,0
BDMAP_V0001290.nii.gz,0,0
BDMAP_V0001291.nii.gz,0.45051194539249145,0.7018015845768479
BDMAP_V0001295.nii.gz,0,0
BDMAP_V0001298.nii.gz,0,0
BDMAP_V0001337.nii.gz,0,0.024531607
BDMAP_V0001339.nii.gz,0,0
BDMAP_V0001349.nii.gz,0,0
BDMAP_V0001358.nii.gz,0,0
BDMAP_V0001361.nii.gz,0,0
BDMAP_V0001372.nii.gz,0.5829383886255924,0.8542364487847401
BDMAP_V0001374.nii.gz,0.588034188,0.7607324579221822
BDMAP_V0001404.nii.gz,0,0
BDMAP_V0001406.nii.gz,0,0
BDMAP_V0001408.nii.gz,0.057142857,0.33068077720989714
BDMAP_V0001412.nii.gz,0,0
BDMAP_V0001420.nii.gz,0.12154696132596685,0.48025793202212536
BDMAP_V0001423.nii.gz,0,0
BDMAP_V0001426.nii.gz,0,0
BDMAP_V0001432.nii.gz,0.9444444444444444,0.9856069210310793
BDMAP_V0001433.nii.gz,0.7794051576961093,0.6524142435967558
BDMAP_V0001436.nii.gz,0.8040232140275512,0.6143923287139651
BDMAP_V0001443.nii.gz,0.5922974767596282,0.6755441431802326
BDMAP_V0001445.nii.gz,0.9048577522756631,0.8791354390371041
BDMAP_V0001458.nii.gz,0.9479771252987368,0.9503464035526633
BDMAP_V0001464.nii.gz,0.8671242814889224,0.8025315548440792
BDMAP_V0001470.nii.gz,0.4687591383175748,0.4020848360380779
BDMAP_V0001471.nii.gz,0.9135989605889996,0.9199004127653394
BDMAP_V0001472.nii.gz,0.9235280239964949,0.9461103949520253
BDMAP_V0001477.nii.gz,0.9030588547541636,0.929775557
BDMAP_V0001478.nii.gz,0.8583997704766956,0.7009127499674435
BDMAP_V0001485.nii.gz,0.720970745,0.6736453747847647
BDMAP_V0001489.nii.gz,0.9382960259322596,0.8639183818628824
BDMAP_V0001496.nii.gz,0.8630232410866949,0.8594886500279146
BDMAP_V0001498.nii.gz,0.9339379825959063,0.9883008112395065
BDMAP_V0001502.nii.gz,0.9314643843924792,0.9763308040558163
BDMAP_V0001504.nii.gz,0.6239816836164208,0.4864755901989514
BDMAP_V0001506.nii.gz,0.9077420997127168,0.8734228534993916
BDMAP_V0001507.nii.gz,0.9226688022423545,0.9296925131347764
BDMAP_V0001509.nii.gz,0.8671242814889224,0.8025315548440792
BDMAP_V0001520.nii.gz,0.9331280441766474,0.9139281494257447
BDMAP_V0001524.nii.gz,0.9438815963351247,0.9956034396819572
BDMAP_V0001533.nii.gz,0.9557937926014162,0.9694223540218032
BDMAP_V0001536.nii.gz,0.4743381955699622,0.48881555366697355
BDMAP_V0001548.nii.gz,0.9216769875997396,0.9022085441377806
BDMAP_V0001551.nii.gz,0.951609986,0.9581033818932244
BDMAP_V0001556.nii.gz,0.9216021260440395,0.9395698371080681
BDMAP_V0001562.nii.gz,0.758738495,0.6526932440810791
BDMAP_V0001564.nii.gz,0,0
BDMAP_V0001591.nii.gz,0.8889192761748484,0.8382847566651249
BDMAP_V0001594.nii.gz,0.8678458201234774,0.8842540980749557
BDMAP_V0001595.nii.gz,0.6826317116208722,0.805833671
BDMAP_V0001596.nii.gz,0.903640467,0.9209897090802841
BDMAP_V0001609.nii.gz,0.5375781649427773,0.537228262
BDMAP_V0001610.nii.gz,0.84116446,0.6599708505103342
BDMAP_V0001612.nii.gz,0.9112646288760607,0.8899930819820145
BDMAP_V0001614.nii.gz,0.9068409230140902,0.9259712230295073
BDMAP_V0001619.nii.gz,0,0
BDMAP_V0001622.nii.gz,0.964358545,0.9939772494190335
BDMAP_V0001629.nii.gz,0.957886194,0.9813850229478216
BDMAP_V0001631.nii.gz,0.8904251386321627,0.8317352563844205
BDMAP_V0001639.nii.gz,0.9370394837136033,0.9259550547275092
BDMAP_V0001649.nii.gz,0.9208570390993827,0.9344537671483972
BDMAP_V0001651.nii.gz,0.9433322644188923,0.9611094153244121
BDMAP_V0001673.nii.gz,0.875295128,0.9505174362049257
BDMAP_V0001688.nii.gz,0.6832318179984672,0.5240764003777606
BDMAP_V0001692.nii.gz,0.870876923,0.8121594484361002
BDMAP_V0001696.nii.gz,0.8536886692552065,0.8096527519154769
BDMAP_V0001697.nii.gz,0.727487897,0.643135435
BDMAP_V0001703.nii.gz,0.939947224,0.9405138174141763
BDMAP_V0001707.nii.gz,0.8541300527240774,0.9314939528473803
BDMAP_V0001709.nii.gz,0.7670670037926675,0.6594566923701344
BDMAP_V0001712.nii.gz,0.9152873174942762,0.8282666949010784
BDMAP_V0001719.nii.gz,0.9487848414115062,0.993062795
BDMAP_V0001723.nii.gz,0.8734733756717147,0.9339930864838139
BDMAP_V0001724.nii.gz,0.9139036453562923,0.9322839445890337
BDMAP_V0001728.nii.gz,0.727487897,0.643135435
BDMAP_V0001733.nii.gz,0.10392609699769054,0.26722846014085777
BDMAP_V0001739.nii.gz,0.694495278,0.4038744869554791
BDMAP_V0001740.nii.gz,0.8906353565003314,0.9628681136512602
BDMAP_V0001748.nii.gz,0.9256210283073368,0.8908679533649498
BDMAP_V0001749.nii.gz,0.9329509340361213,0.9929495838533507
BDMAP_V0001750.nii.gz,0.8545652173913043,0.8386641891357827
BDMAP_V0001756.nii.gz,0.895297318,0.9149854586403966
BDMAP_V0001763.nii.gz,0.8909289336842781,0.8659174580277517
BDMAP_V0001767.nii.gz,0.8366701791359326,0.8981888897937111
BDMAP_V0001775.nii.gz,0.382089552,0.3262426168295546
BDMAP_V0001779.nii.gz,0.638265306,0.4645234067364254
BDMAP_V0001783.nii.gz,0.9680989583333334,1
BDMAP_V0001788.nii.gz,0.02621232,0.10532442382595542
BDMAP_V0001791.nii.gz,0.8469178272207735,0.7897073152609412
BDMAP_V0001793.nii.gz,0.8960340297760541,0.8821224854516628
BDMAP_V0001800.nii.gz,0.5540625897215045,0.5525394887280228
BDMAP_V0001817.nii.gz,0.8246097337006428,0.8392146800817573
BDMAP_V0001837.nii.gz,0.8724893418142854,0.7559009850434624
BDMAP_V0001839.nii.gz,0.8639575971731449,0.8107588422060751
BDMAP_V0001841.nii.gz,0.7504373177842566,0.8054303454124563
BDMAP_V0001844.nii.gz,0.14021790620558977,0.30150677602517734
BDMAP_V0001852.nii.gz,0.9527889172438936,0.9936310005934529
BDMAP_V0001857.nii.gz,0.6221806707958397,0.4964025176292289
BDMAP_V0001858.nii.gz,0.6851192107426692,0.6547685017482905
BDMAP_V0001859.nii.gz,0.8053258018963082,0.779963196
BDMAP_V0001861.nii.gz,0.808288611,0.6976844783951336
BDMAP_V0001866.nii.gz,0.8368180373169002,0.623767684
BDMAP_V0001878.nii.gz,0.9021245241311556,0.8707021465651181
BDMAP_V0001880.nii.gz,0.8249847281612707,0.8663504341127977
BDMAP_V0001881.nii.gz,0.5649963689179376,0.6770137596467757
BDMAP_V0001890.nii.gz,0.30945811720560645,0.4644455679331162
BDMAP_V0001900.nii.gz,0.9139036453562923,0.9322839445890337
BDMAP_V0001904.nii.gz,0.8824532572633407,0.8311671459369494
BDMAP_V0001906.nii.gz,0.004587156,0.20787674038792003
BDMAP_V0001907.nii.gz,0.8782468905998816,0.8405842399258057
BDMAP_V0001911.nii.gz,0.8311963151998009,0.7913843004541331
BDMAP_V0001913.nii.gz,0.9322891331841618,0.9758185408842515
BDMAP_V0001918.nii.gz,0.62510027,0.6245476284043345
BDMAP_V0001927.nii.gz,0.9297017428717276,0.9318540667099573
BDMAP_V0001928.nii.gz,0.8713525170159714,0.7990689475911487
BDMAP_V0001934.nii.gz,0.9513816217439263,0.9852929852826143
BDMAP_V0001939.nii.gz,0.7329847260401381,0.628840959
BDMAP_V0001942.nii.gz,0.4027653880463872,0.37950497476405276
BDMAP_V0001949.nii.gz,0.9401511429306755,0.8653507671217779
BDMAP_V0001956.nii.gz,0.7739536097608717,0.70643454
BDMAP_V0001957.nii.gz,0.8606191282920068,0.7900322121246013
BDMAP_V0001958.nii.gz,0.8606252612588828,0.7903148149235266
BDMAP_V0001964.nii.gz,0.5180467091295117,0.5871649059281187
BDMAP_V0001974.nii.gz,0.8671465170184214,0.8815344065406766
BDMAP_V0001983.nii.gz,0.867024597,0.8666142155059848
BDMAP_V0001997.nii.gz,0.914500792,0.9132342546450208
BDMAP_V0002002.nii.gz,0.5336218087408049,0.5446621438736716
BDMAP_V0002004.nii.gz,0.702033717,0.6906561728051772
BDMAP_V0002007.nii.gz,0.9294984216064539,0.9805366999469011
BDMAP_V0002008.nii.gz,0.9688062221484126,0.990206794
BDMAP_V0002010.nii.gz,0.9310782241014799,0.8997244595975088
BDMAP_V0002012.nii.gz,0.8885976408912188,0.8802714817355843
BDMAP_V0002028.nii.gz,0.9041811041811042,0.8704304238306053
BDMAP_V0002039.nii.gz,0.752237544,0.6632242239297904
BDMAP_V0002040.nii.gz,0.8948046371833405,0.8370435109573408
BDMAP_V0002042.nii.gz,0.8758296281976932,0.8493285864352492
BDMAP_V0002046.nii.gz,0.9439647577092511,0.9956034396819571
BDMAP_V0002047.nii.gz,0.8510208206994138,0.8953720764908545
BDMAP_V0002057.nii.gz,0.9099404565001654,0.8903114973783818
BDMAP_V0002068.nii.gz,0.8353455818022747,0.8294723091132699
BDMAP_V0002077.nii.gz,0.13911455078594434,0.283826854
BDMAP_V0002078.nii.gz,0.9216289592760181,0.9671968448815982
BDMAP_V0002082.nii.gz,0.5047169811320755,0.7350350021015433
BDMAP_V0002084.nii.gz,0.8081185116062055,0.7568996063303801
BDMAP_V0002091.nii.gz,0.9113147106919648,0.7821988380562908
BDMAP_V0002093.nii.gz,0.6423447427751589,0.5669860323638639
BDMAP_V0002097.nii.gz,0.5633517287982881,0.5033744122997079
BDMAP_V0002099.nii.gz,0.45561147333713464,0.42483586986897975
BDMAP_V0002100.nii.gz,0.7247179646775072,0.4746037110973003
BDMAP_V0002101.nii.gz,0.9161899026397672,0.9564015668702764
BDMAP_V0002111.nii.gz,0.923586118,0.9377711363087268
BDMAP_V0002114.nii.gz,0.7184748813614793,0.5406190763168739
BDMAP_V0002119.nii.gz,0.9509873899595527,0.9282368227612023
BDMAP_V0002120.nii.gz,0.9114005260794251,0.8643355085053824
BDMAP_V0002121.nii.gz,0.9230238177424922,0.96772771
BDMAP_V0002122.nii.gz,0.7736293306424487,0.735448242
BDMAP_V0002123.nii.gz,0.6624415584415584,0.5635094869106808
BDMAP_V0002124.nii.gz,0.8943451107879202,0.9445736969711203
BDMAP_V0002125.nii.gz,0.9044069569765921,0.9383798913698772
BDMAP_V0002126.nii.gz,0.7466442953020134,0.7187269366707193
BDMAP_V0002127.nii.gz,0.867537688,0.9186608393769903
BDMAP_V0002128.nii.gz,0.9070133963750985,0.8869796066616211
BDMAP_V0002129.nii.gz,0.8822803553800592,0.9173027454175824
BDMAP_V0002131.nii.gz,0.8511908051058187,0.7738327301570527
BDMAP_V0002133.nii.gz,0.9203514051351744,0.9121680499283946
BDMAP_V0002143.nii.gz,0.8766208470143024,0.860339582
BDMAP_V0002147.nii.gz,0.6985855247168619,0.7230544217613032
BDMAP_V0002155.nii.gz,0.9174908232213416,0.9094805998711097
BDMAP_V0002156.nii.gz,0.7079344262295082,0.575331982
BDMAP_V0002157.nii.gz,0.9074183976261128,0.9520899038302761
BDMAP_V0002158.nii.gz,0.7682807292687708,0.7150521065440203
BDMAP_V0002159.nii.gz,0.8689987408988887,0.8872034100946772
BDMAP_V0002160.nii.gz,0.6454516232722597,0.5193040188465229
BDMAP_V0002161.nii.gz,0.5756886530199646,0.4774838457323695
BDMAP_V0002162.nii.gz,0.8390334081605705,0.879680157
BDMAP_V0002163.nii.gz,0.7581938102486048,0.7493039221658859
BDMAP_V0002164.nii.gz,0.904345426,0.7946613717823949
BDMAP_V0002165.nii.gz,0.6894897775646022,0.584076593
BDMAP_V0002166.nii.gz,0.7701632991973429,0.7082373186082402
BDMAP_V0002167.nii.gz,0.870979021,0.909837634
BDMAP_V0002168.nii.gz,0.8419787702783897,0.8488531781678508
BDMAP_V0002169.nii.gz,0.824093817,0.8524330001304602
BDMAP_V0002170.nii.gz,0.951073054,0.9790000138777526
BDMAP_V0002172.nii.gz,0.851343424,0.8988265706932165
BDMAP_V0002173.nii.gz,0.7646140116019634,0.6898804614046846
BDMAP_V0002190.nii.gz,0.9695904945734463,0.9748528737154943
BDMAP_V0002191.nii.gz,0.9397530107362086,0.8969900114572787
BDMAP_V0002192.nii.gz,0.4086629001883239,0.3754841391007636
BDMAP_V0002195.nii.gz,0,0.015937387201884454
BDMAP_V0002199.nii.gz,0.9844010713972073,0.9931334094081788
BDMAP_V0002203.nii.gz,0.9514367816091954,0.9908960662372401
BDMAP_V0002224.nii.gz,0.8016276703967447,0.8509833703582553
BDMAP_V0002231.nii.gz,0.2790185308142693,0.3907793586627502
BDMAP_V0002234.nii.gz,0.8837233489339573,0.8064396275723937
BDMAP_V0002235.nii.gz,0.2015888778550149,0.25834214704374414
BDMAP_V0002236.nii.gz,0.9190568507564083,0.8895086824696029
BDMAP_V0002238.nii.gz,0.37971698113207547,0.4967012875068068
BDMAP_V0002241.nii.gz,0.964924839,1
BDMAP_V0002244.nii.gz,0.8744939271255061,0.8885007396335434
BDMAP_V0002253.nii.gz,0.7722287835329846,0.6770134540873698
BDMAP_V0002255.nii.gz,0.9636132772419455,0.9541729415630144
BDMAP_V0002263.nii.gz,0.9669143846075537,0.9724764337541647
BDMAP_V0002272.nii.gz,0.651024209,0.48670808676341676
BDMAP_V0002279.nii.gz,0.1549636803874092,0.3607064633500099
BDMAP_V0002284.nii.gz,0.5630057803468208,0.32174754074592377
BDMAP_V0002285.nii.gz,0,0.015937387201884454
BDMAP_V0002287.nii.gz,0.8375162831089883,0.8018723316469871
BDMAP_V0002288.nii.gz,0.7488622258998758,0.8844232634017084
BDMAP_V0002293.nii.gz,0.850316212,0.7112397911015508
BDMAP_V0002294.nii.gz,0.6965286184858808,0.5030981984899228
BDMAP_V0002295.nii.gz,0.9602150903583705,0.9914422053096617
BDMAP_V0002303.nii.gz,0.9697892459331677,0.9619870752121358
BDMAP_V0002308.nii.gz,0.7818409477638296,0.5491461557524071
BDMAP_V0002310.nii.gz,0.9224855861627163,0.9997220702887067
BDMAP_V0002311.nii.gz,0.6876878839367403,0.5853020270508985
BDMAP_V0002316.nii.gz,0.9736921681282129,0.9969118884568327
BDMAP_V0002318.nii.gz,0.7482915717539863,0.8087678556245126
BDMAP_V0002320.nii.gz,0.8928610835264261,0.8845635628024506
BDMAP_V0002324.nii.gz,0.915007627,0.6924270298857522
BDMAP_V0002325.nii.gz,0.019173157579388856,0.054325204
BDMAP_V0002330.nii.gz,0.5466402041394953,0.42769486518127875
BDMAP_V0002336.nii.gz,0.8232876712328767,0.9397573592470838
BDMAP_V0002340.nii.gz,0.9325805380272335,0.9973077268597834
BDMAP_V0002342.nii.gz,0.4901314010706754,0.551892746
BDMAP_V0002345.nii.gz,0.7966631908237748,0.8500162376545567
BDMAP_V0002349.nii.gz,0.13220815752461323,0.1433425281134579
BDMAP_V0002361.nii.gz,0.39444444444444443,0.7204098697901608
BDMAP_V0002363.nii.gz,0.9301775147928995,1
BDMAP_V0002364.nii.gz,0.7970353477765109,0.9064996498024362
BDMAP_V0002369.nii.gz,0.9396770082119291,0.8968328847895458
BDMAP_V0002371.nii.gz,0.9636132772419455,0.9541729415630144
BDMAP_V0002377.nii.gz,0,0
BDMAP_V0002383.nii.gz,0.3838150289017341,0.4422141988218415
BDMAP_V0002385.nii.gz,0.5588039867109634,0.45293413923447157
BDMAP_V0002388.nii.gz,0.7770294648226097,0.7077806577853933
BDMAP_V0002389.nii.gz,0,0
BDMAP_V0002390.nii.gz,0.9671547289275821,1
BDMAP_V0002391.nii.gz,0.8480909829406986,0.8827305267663593
BDMAP_V0002392.nii.gz,0.7254714232194147,0.527620617
BDMAP_V0002394.nii.gz,0.8351263110246459,0.626199875
BDMAP_V0002395.nii.gz,0,0
BDMAP_V0002396.nii.gz,0.8739704389033058,0.8924568695441517
BDMAP_V0002407.nii.gz,0.9224855861627163,0.9997220702887067
BDMAP_V0002413.nii.gz,0.8796194657885108,0.9672337308102223
BDMAP_V0002416.nii.gz,0.9291882556131261,0.9815830273993309
BDMAP_V0002417.nii.gz,0.7480021310602024,0.9102822270903924
BDMAP_V0002424.nii.gz,0.8798358733880423,0.8505789968771286
BDMAP_V0002428.nii.gz,0.7803759743237048,0.8874748502608394
BDMAP_V0002430.nii.gz,0.6592599124121917,0.5544416680183061
BDMAP_V0002436.nii.gz,0.5461819446860323,0.617671653
BDMAP_V0002440.nii.gz,0.9129291933629046,0.9500727820324405
BDMAP_V0002443.nii.gz,0.23898139079333985,0.4971643101175033
BDMAP_V0002458.nii.gz,0.7218344965104686,0.9066582335642389
BDMAP_V0002462.nii.gz,0.960354204,0.929727585
BDMAP_V0002465.nii.gz,0.6872931833223032,0.5860914813329623
BDMAP_V0002467.nii.gz,0.8822870920520107,0.8879356838637913
BDMAP_V0002468.nii.gz,0.9328466615049957,0.8493512246456582
BDMAP_V0002469.nii.gz,0.5555555555555556,0.9411538182773274
BDMAP_V0002472.nii.gz,0.8779354838709678,0.944111791
BDMAP_V0002475.nii.gz,0.19927018879898462,0.3401763687224135
BDMAP_V0002476.nii.gz,0.944964643,0.9027339937484918
BDMAP_V0002487.nii.gz,0.8485868102288021,0.9664973668359398
BDMAP_V0002499.nii.gz,0.924872356,0.9804470473778414
BDMAP_V0002502.nii.gz,0.9526807711861093,0.8936151809072288
BDMAP_V0002503.nii.gz,0.9540956172999798,0.9474733387262855
BDMAP_V0002506.nii.gz,0.9603634975465778,0.9201511515701907
BDMAP_V0002507.nii.gz,0.37758830694275275,0.45749155979433487
BDMAP_V0002508.nii.gz,0.9072162247143906,0.8010112516899773
BDMAP_V0002510.nii.gz,0.7169722614010343,0.7433675113704213
BDMAP_V0002511.nii.gz,0.8519003931847968,0.9976065003224879
BDMAP_V0002512.nii.gz,0.9441125713527148,0.8617297928425864
BDMAP_V0002513.nii.gz,0.8697857948139797,0.998672641
BDMAP_V0002514.nii.gz,0.9447908207371702,0.9136140128450561
BDMAP_V0002515.nii.gz,0.5126676602086438,0.5686040946122488
BDMAP_V0002516.nii.gz,0.7161572052401747,0.887542378
BDMAP_V0002517.nii.gz,0.8542207688115161,0.724811648
BDMAP_V0002518.nii.gz,0.8541867179980751,0.9608330295502711
BDMAP_V0002519.nii.gz,0.8836662749706228,0.8848934332952021
BDMAP_V0002520.nii.gz,0.7185076810534016,0.7230284585526566
BDMAP_V0002521.nii.gz,0.9480200451999607,0.9352755767881603
BDMAP_V0002523.nii.gz,0.8545008492168333,0.906558981
BDMAP_V0002524.nii.gz,0.3463163906339235,0.46134762008188185
BDMAP_V0002525.nii.gz,0.9633473462953231,0.9831656413157709
BDMAP_V0002528.nii.gz,0.9283857485090983,0.9370644077969029
BDMAP_V0002529.nii.gz,0.7936393205637875,0.8525577131393628
BDMAP_V0002533.nii.gz,0.9644797983775695,0.966609426
BDMAP_V0002539.nii.gz,0.9379897022610253,0.97117018
BDMAP_V0002549.nii.gz,0.911029657,0.9956458110204333
BDMAP_V0002554.nii.gz,0.5447340344459686,0.3804375201465148
BDMAP_V0002556.nii.gz,0.7054020337957888,0.5579091568508344
BDMAP_V0002563.nii.gz,0.912128048,0.917306644
BDMAP_V0002569.nii.gz,0.22274881516587677,0.38966610848217437
BDMAP_V0002575.nii.gz,0.6645489199491741,0.598109532
BDMAP_V0002576.nii.gz,0.1689623507805326,0.33837376179028694
BDMAP_V0002577.nii.gz,0.8428571428571429,0.8715382505379374
BDMAP_V0002578.nii.gz,0.6731517509727627,0.6188298560198242
BDMAP_V0002579.nii.gz,0.9527889172438936,0.9936300652766596
BDMAP_V0002580.nii.gz,0.8427103292109389,0.8715552929062076
BDMAP_V0002581.nii.gz,0.1689623507805326,0.33837376179028694
BDMAP_V0002582.nii.gz,0.9317883690424137,0.9684400463765049
BDMAP_V0002583.nii.gz,0.9489117983963344,0.9997213277050611
BDMAP_V0002584.nii.gz,0.6182965299684543,0.6610545233039918
BDMAP_V0002585.nii.gz,0.8807947019867549,0.9856778761641324
BDMAP_V0002586.nii.gz,0.8175083947825793,0.6289484980796942
BDMAP_V0002594.nii.gz,0.6731517509727627,0.6188298560198242
BDMAP_V0002596.nii.gz,0.8124121121214962,0.7681494002595308
BDMAP_V0002598.nii.gz,0.9172075758548011,0.766350588
BDMAP_V0002600.nii.gz,0.9442368699330278,0.9654400016871548
BDMAP_V0002607.nii.gz,0.8943758573388203,0.9995446090565031
BDMAP_V0002619.nii.gz,0.7989236790606654,0.8370180524445099
BDMAP_V0002623.nii.gz,0.8309305373525557,0.774358148
BDMAP_V0002624.nii.gz,0.9372236958443855,0.961572228
BDMAP_V0002626.nii.gz,0.3117117117117117,0.2754728690382663
BDMAP_V0002630.nii.gz,0.793465578,0.9330698398596403
BDMAP_V0002631.nii.gz,0.8882733148661126,0.9091413009943079
BDMAP_V0002632.nii.gz,0.9187869683597785,0.8785549751884781
BDMAP_V0002633.nii.gz,0,0
BDMAP_V0002634.nii.gz,0.9580598763609346,0.8663304126925288
BDMAP_V0002635.nii.gz,0.9345106696100074,1
BDMAP_V0002636.nii.gz,0.6011767715528268,0.6320662230276749
BDMAP_V0002637.nii.gz,0.9152662616946747,0.8705842117017509
BDMAP_V0002638.nii.gz,0.9730261428486632,0.9783817362994056
BDMAP_V0002639.nii.gz,0.8866354290509826,0.8615983155184284
BDMAP_V0002640.nii.gz,0.6376554174067496,0.8314916825795149
BDMAP_V0002642.nii.gz,0.8170462894930198,0.7816330097381453
BDMAP_V0002643.nii.gz,0.945724907,0.9876356759398135
BDMAP_V0002644.nii.gz,0.9224847642467657,0.9406311112211366
BDMAP_V0002645.nii.gz,0.9218172596188682,0.9543414153041488
BDMAP_V0002646.nii.gz,0.8723689786693035,0.9076879540347754
BDMAP_V0002647.nii.gz,0.514061944,0.6223060148759465
BDMAP_V0002648.nii.gz,0.9637658518358656,0.9078582823139058
BDMAP_V0002649.nii.gz,0.874468085,0.973396374